time_s,loop_dt_ms,turret_mode,target_angle_robot_deg,measured_angle_robot_deg,aim_error_abs_deg,velocity_setpoint_dps,measured_velocity_dps,spring_comp_volts,motor_position_rot,motor_velocity_rot_per_s,motor_output_volts,motor_supply_volts,motor_stator_current_a,chassis_vx_mps,chassis_vy_mps,chassis_omega_radps,shot_turret_angle_world_cmd_deg,shot_distance_m
0.0794,107.28,TRACKING,-98.605,-100.635,1.222,-22.47,-22.50,-0.612,-0.27954,-0.0625,-1.510,10.725,34.96,1.489,0.263,0.062,-152.773,4.107
0.1632,108.89,TRACKING,-99.498,-100.635,1.137,21.05,24.61,-0.612,-0.27954,0.0684,0.070,10.725,-6.84,1.480,0.093,0.065,-154.380,4.081
0.2391,46.36,TRACKING,-100.275,-98.525,0.360,7.96,18.28,-0.605,-0.27368,0.0508,-0.670,10.775,10.70,1.396,0.030,0.048,-155.983,4.054
0.2933,31.59,TRACKING,-101.283,-98.350,2.757,-38.49,-45.70,-0.604,-0.27319,-0.1270,-1.660,11.200,38.42,1.106,-0.049,0.110,-156.914,4.037
0.3170,25.14,TRACKING,-102.052,-99.141,3.702,-59.17,-41.48,-0.607,-0.27539,-0.1152,-1.600,11.425,25.26,1.215,-0.084,0.072,-157.236,4.031
0.3377,24.34,TRACKING,-102.327,-100.283,3.186,-49.14,-69.61,-0.611,-0.27856,-0.1934,-1.640,10.950,24.34,1.228,-0.176,-0.164,-157.562,4.024
0.3629,24.89,TRACKING,-102.541,-101.777,2.258,-25.92,-33.05,-0.616,-0.28271,-0.0918,-0.840,11.025,23.66,0.906,-0.279,-0.617,-157.978,4.009
0.3878,23.67,TRACKING,-102.722,-102.305,0.945,11.05,-24.61,-0.618,-0.28418,-0.0684,-1.500,10.850,28.78,0.900,-0.292,-0.825,-158.241,4.001
0.4116,23.32,TRACKING,-102.637,-102.305,0.332,36.47,16.88,-0.618,-0.28418,0.0469,-0.450,10.600,10.82,0.899,-0.312,-1.623,-158.606,3.988
0.4319,21.74,TRACKING,-102.107,-101.514,0.198,55.69,44.30,-0.615,-0.28198,0.1230,0.160,9.775,-4.70,0.809,-0.298,-1.814,-158.764,3.980
0.4534,21.76,TRACKING,-101.409,-100.459,0.105,70.90,59.77,-0.612,-0.27905,0.1660,0.730,9.200,-0.46,0.809,-0.379,-2.111,-158.978,3.967
0.4777,22.00,TRACKING,-100.341,-98.877,0.118,63.10,78.75,-0.606,-0.27466,0.2188,0.630,9.325,-6.94,0.719,-0.611,-2.495,-159.167,3.954
0.5099,42.26,TRACKING,-98.921,-96.416,0.044,45.34,49.22,-0.597,-0.26782,0.1367,0.450,10.475,-6.70,0.621,-0.484,-1.991,-159.419,3.931
0.5594,55.95,TRACKING,-95.971,-94.482,0.445,19.69,19.69,-0.590,-0.26245,0.0547,0.250,10.600,-4.58,0.591,-0.510,-1.941,-159.738,3.904
0.6058,41.18,TRACKING,-92.082,-93.516,2.401,30.43,30.23,-0.587,-0.25977,0.0840,0.470,10.675,-1.22,0.570,-0.488,-1.732,-159.960,3.875
0.6348,18.29,TRACKING,-86.877,-92.549,6.639,90.52,35.16,-0.583,-0.25708,0.0977,0.210,10.925,-1.52,0.591,-0.494,-1.682,-160.110,3.856
0.6549,25.30,TRACKING,-84.254,-91.230,8.295,237.34,57.66,-0.578,-0.25342,0.1602,2.940,10.575,-8.80,0.583,-0.494,-1.440,-160.237,3.842
0.6814,19.51,TRACKING,-82.210,-86.836,9.020,191.46,218.67,-0.563,-0.24121,0.6074,1.860,10.575,56.20,0.613,-0.344,-0.997,-160.399,3.824
0.7024,20.26,TRACKING,-79.428,-83.145,7.408,117.65,187.73,-0.549,-0.23096,0.5215,3.110,10.075,5.18,0.728,-0.237,-0.686,-160.555,3.813
0.7229,19.16,TRACKING,-78.038,-80.684,5.106,119.39,118.83,-0.540,-0.22412,0.3301,1.760,10.000,8.70,0.753,-0.007,-0.347,-160.780,3.804
0.7426,26.17,TRACKING,-77.138,-78.398,3.546,86.07,82.27,-0.532,-0.21777,0.2285,1.550,10.725,12.44,0.689,0.189,-0.078,-160.986,3.799
0.7662,20.22,TRACKING,-76.467,-76.729,1.931,46.03,83.67,-0.526,-0.21313,0.2324,1.310,11.000,1.38,0.582,0.244,-0.004,-161.164,3.798
0.7912,26.86,TRACKING,-75.970,-75.146,0.758,25.36,29.53,-0.521,-0.20874,0.0820,-0.640,10.600,17.38,0.611,0.300,-0.118,-161.454,3.796
0.8154,20.68,TRACKING,-75.306,-74.619,0.159,5.47,19.69,-0.519,-0.20728,0.0547,-0.890,10.375,10.48,0.558,0.330,-0.158,-161.648,3.795
0.8370,46.78,TRACKING,-74.943,-74.092,0.324,15.97,16.17,-0.517,-0.20581,0.0449,0.220,10.250,-0.02,0.539,0.410,-0.024,-162.015,3.799
0.8835,30.57,TRACKING,-74.745,-73.477,0.653,2.98,21.80,-0.515,-0.20410,0.0605,0.020,10.425,-1.68,0.584,0.455,0.004,-162.373,3.799
0.9086,17.94,TRACKING,-74.830,-73.301,1.354,-10.07,-16.17,-0.514,-0.20361,-0.0449,-1.070,10.550,24.38,0.612,0.493,0.011,-162.705,3.802
0.9288,17.42,TRACKING,-75.042,-73.389,1.741,-19.83,-16.88,-0.514,-0.20386,-0.0469,-0.910,10.550,21.02,0.499,0.433,-0.028,-162.814,3.803
0.9492,21.61,TRACKING,-75.105,-73.828,1.716,-26.60,-22.50,-0.516,-0.20508,-0.0625,-1.240,11.000,24.44,0.486,0.460,0.002,-163.021,3.806
0.9763,38.38,TRACKING,-75.270,-74.619,1.442,-18.02,-27.42,-0.519,-0.20728,-0.0762,-0.860,11.125,23.04,0.469,0.471,-0.013,-163.343,3.810
1.0209,40.01,TRACKING,-75.588,-75.586,0.969,-10.64,-14.77,-0.522,-0.20996,-0.0410,-0.980,11.150,18.44,0.460,0.475,0.027,-163.826,3.819
1.0472,31.72,TRACKING,-76.292,-75.850,0.706,-3.62,-12.66,-0.523,-0.21069,-0.0352,-1.040,11.250,25.28,0.457,0.476,0.062,-164.009,3.823
1.0765,29.40,TRACKING,-76.454,-76.025,0.604,-19.46,-5.62,-0.524,-0.21118,-0.0156,-1.030,10.350,25.02,0.533,0.415,0.133,-164.323,3.826
1.1054,29.70,TRACKING,-76.635,-76.641,0.610,-13.90,-18.28,-0.526,-0.21289,-0.0508,-1.300,10.775,28.88,0.627,0.331,0.105,-164.626,3.826
1.1425,32.41,TRACKING,-76.660,-77.256,0.019,-4.93,-10.55,-0.528,-0.21460,-0.0293,-0.840,10.925,31.58,0.658,0.350,0.028,-165.047,3.826
1.1845,44.32,TRACKING,-76.844,-77.432,0.412,7.47,18.28,-0.529,-0.21509,0.0508,-0.460,10.675,5.40,0.684,0.270,0.085,-165.481,3.822
1.2215,40.92,TRACKING,-77.107,-76.816,0.324,6.19,11.25,-0.527,-0.21338,0.0312,-0.170,10.775,7.60,0.742,0.141,0.061,-165.897,3.815
1.2528,20.16,TRACKING,-77.360,-76.465,0.544,-9.35,11.95,-0.525,-0.21240,0.0332,-0.130,10.875,4.02,0.763,0.122,0.066,-166.210,3.808
1.2729,20.29,TRACKING,-77.629,-76.641,1.164,-20.71,-14.06,-0.526,-0.21289,-0.0391,-1.070,11.025,23.20,0.756,0.116,0.060,-166.430,3.803
1.2987,30.74,TRACKING,-77.854,-77.256,1.214,-21.40,-23.91,-0.528,-0.21460,-0.0664,-1.260,11.175,24.60,0.748,0.111,0.113,-166.644,3.799
1.3241,26.80,TRACKING,-78.118,-77.695,0.862,-12.99,-23.20,-0.530,-0.21582,-0.0645,-1.310,11.000,24.24,0.742,0.106,0.083,-166.964,3.792
1.3476,14.47,TRACKING,-78.492,-78.047,0.796,-11.88,-15.47,-0.531,-0.21680,-0.0430,-1.150,11.025,24.38,0.750,0.124,0.069,-167.310,3.786
1.3677,24.49,TRACKING,-78.843,-78.311,0.796,-19.16,-15.47,-0.532,-0.21753,-0.0430,-1.110,11.075,23.68,0.823,0.143,0.096,-167.426,3.784
1.4154,23.28,TRACKING,-79.214,-79.277,0.288,-5.44,-19.69,-0.535,-0.22021,-0.0547,-1.370,10.900,30.40,0.816,0.137,0.081,-168.011,3.774
1.4386,22.32,TRACKING,-79.343,-79.541,0.066,-6.36,-9.84,-0.536,-0.22095,-0.0273,-0.970,10.875,21.66,0.817,0.134,0.085,-168.260,3.770
1.4632,24.65,TRACKING,-79.431,-79.805,0.110,0.00,-6.33,-0.537,-0.22168,-0.0176,-0.240,10.900,27.24,0.844,0.135,0.075,-168.633,3.764
1.4860,25.25,TRACKING,-79.563,-79.805,0.242,2.44,0.70,-0.537,-0.22168,0.0020,-0.650,9.975,17.06,1.031,0.090,0.141,-168.925,3.759
1.5120,42.40,TRACKING,-79.675,-79.453,0.129,0.00,10.55,-0.536,-0.22070,0.0293,-0.370,9.475,12.72,1.216,-0.005,0.091,-169.452,3.746
1.6093,86.39,TRACKING,-79.793,-79.805,0.340,-6.09,-6.33,-0.537,-0.22168,-0.0176,-1.170,9.300,32.02,1.557,-0.122,0.073,-171.417,3.690
1.6535,46.11,TRACKING,-80.873,-79.980,1.068,0.00,2.81,-0.538,-0.22217,0.0078,-0.720,10.275,23.36,1.538,-0.082,-0.005,-172.436,3.665
1.6986,37.17,TRACKING,-81.359,-80.332,1.379,-22.52,-24.61,-0.539,-0.22314,-0.0684,-1.360,10.850,38.74,1.533,-0.043,0.044,-173.588,3.642
1.7222,24.52,TRACKING,-81.947,-80.771,1.615,-22.68,-27.42,-0.541,-0.22437,-0.0762,-1.330,10.975,32.92,1.505,-0.044,0.075,-174.032,3.635
1.7500,23.45,TRACKING,-82.199,-81.387,1.428,-30.82,-23.20,-0.543,-0.22607,-0.0645,-1.990,10.575,38.74,1.682,-0.089,0.136,-174.771,3.622
1.7701,20.57,TRACKING,-82.469,-82.002,1.082,-20.76,-28.12,-0.545,-0.22778,-0.0781,-1.750,10.450,33.64,1.671,-0.095,0.106,-175.297,3.613
1.7901,19.57,TRACKING,-82.559,-82.266,0.557,-15.33,-21.09,-0.546,-0.22852,-0.0586,-1.370,10.125,31.18,1.753,-0.108,0.041,-175.666,3.606
1.8114,16.05,TRACKING,-82.644,-82.617,0.379,-8.88,-8.44,-0.547,-0.22949,-0.0234,-1.650,9.325,45.46,1.811,-0.162,0.100,-176.351,3.593
1.8318,23.65,TRACKING,-82.809,-82.617,0.192,-2.58,-0.70,-0.547,-0.22949,-0.0020,-1.180,9.175,38.06,1.856,-0.206,0.033,-176.922,3.582
1.8520,17.81,TRACKING,-82.947,-82.705,0.329,-7.94,-11.25,-0.548,-0.22974,-0.0312,-1.230,9.425,36.10,1.919,-0.231,0.117,-177.525,3.572
1.8716,23.43,TRACKING,-83.133,-82.969,0.428,-7.78,-10.55,-0.549,-0.23047,-0.0293,-1.000,9.875,28.04,1.881,-0.237,0.114,-178.076,3.560
1.8986,30.40,TRACKING,-83.290,-83.145,0.321,-7.40,-4.22,-0.549,-0.23096,-0.0117,-1.310,10.375,34.08,1.857,-0.239,0.075,-178.765,3.549
1.9381,38.40,TRACKING,-83.441,-83.408,0.296,-5.63,-7.03,-0.550,-0.23169,-0.0195,-1.100,10.725,28.84,1.826,-0.240,0.052,-179.362,3.566
1.9593,19.01,TRACKING,-83.836,-83.584,0.428,-2.39,-13.36,-0.551,-0.23218,-0.0371,-0.780,10.800,18.84,1.844,-0.235,0.014,179.941,3.556
1.9799,18.81,TRACKING,-84.111,-83.760,0.527,-13.55,-3.52,-0.552,-0.23267,-0.0098,-1.040,10.975,21.48,1.785,-0.204,0.017,179.284,3.547
2.0035,29.40,TRACKING,-84.237,-84.023,0.478,-15.18,-14.77,-0.552,-0.23340,-0.0410,-1.350,11.025,33.76,1.809,-0.145,-0.012,178.634,3.542
2.0277,26.14,TRACKING,-84.493,-84.287,0.469,-9.06,-15.47,-0.553,-0.23413,-0.0430,-1.360,11.175,32.82,1.772,-0.075,-0.019,178.072,3.538
2.0688,32.57,TRACKING,-84.674,-84.814,0.387,-9.87,-12.66,-0.555,-0.23560,-0.0352,-1.130,10.900,28.20,1.815,-0.045,0.056,177.331,3.562
2.0919,22.24,TRACKING,-84.957,-85.166,0.143,-3.19,-7.03,-0.557,-0.23657,-0.0195,-0.890,10.775,30.80,1.846,-0.033,0.012,176.474,3.560
2.1088,17.64,TRACKING,-85.267,-85.166,0.101,-5.93,-2.81,-0.557,-0.23657,-0.0078,-1.160,10.500,31.10,1.950,-0.027,0.066,176.191,3.559
2.1333,31.96,TRACKING,-85.333,-85.342,0.167,-14.28,-12.66,-0.557,-0.23706,-0.0352,-1.340,10.250,43.24,1.892,-0.000,0.041,175.633,3.586
2.1666,33.56,TRACKING,-85.454,-85.781,0.112,-6.14,-7.73,-0.559,-0.23828,-0.0215,-1.090,10.375,19.56,1.907,-0.021,0.016,175.121,3.610
2.2002,41.57,TRACKING,-85.553,-85.957,0.228,0.00,4.22,-0.559,-0.23877,0.0117,-0.450,10.200,28.84,1.925,-0.046,0.058,174.439,3.644
2.2350,23.37,TRACKING,-85.778,-85.957,0.179,2.92,0.00,-0.559,-0.23877,0.0000,-0.150,10.225,18.06,1.909,-0.063,0.067,173.886,3.666
2.2677,43.56,TRACKING,-85.907,-85.781,0.050,-4.02,-7.73,-0.559,-0.23828,-0.0215,-0.970,9.900,27.88,1.928,-0.123,0.053,173.279,3.685
2.3003,16.44,TRACKING,-86.149,-86.045,0.368,-5.75,-2.81,-0.560,-0.23901,-0.0078,-1.210,9.875,32.32,1.915,-0.165,0.086,172.525,3.702
2.3206,21.02,TRACKING,-86.383,-86.133,0.338,-8.44,-11.95,-0.560,-0.23926,-0.0332,-1.070,9.475,36.10,1.969,-0.200,0.071,171.757,3.701
2.3406,20.78,TRACKING,-86.616,-86.309,0.483,-11.88,-8.44,-0.561,-0.23975,-0.0234,-1.200,9.325,31.98,1.992,-0.230,0.056,171.128,3.699
2.3605,19.53,TRACKING,-86.822,-86.572,0.513,-12.09,-7.73,-0.562,-0.24048,-0.0215,-1.430,9.825,39.16,2.001,-0.242,0.093,170.762,3.716
2.3805,24.78,TRACKING,-87.055,-86.748,0.483,-10.56,-9.84,-0.562,-0.24097,-0.0273,-1.360,9.950,39.66,2.011,-0.273,0.111,170.417,3.732
2.4062,21.13,TRACKING,-87.286,-86.924,0.538,-11.64,-9.84,-0.563,-0.24146,-0.0273,-1.230,9.825,29.52,2.053,-0.311,0.077,169.786,3.731
2.4290,26.10,TRACKING,-87.525,-87.275,0.601,-12.46,-14.77,-0.564,-0.24243,-0.0410,-1.250,9.975,37.62,2.045,-0.327,0.067,168.824,3.730
2.4538,23.86,TRACKING,-87.852,-87.539,0.577,-9.19,-14.77,-0.565,-0.24316,-0.0410,-1.220,10.225,29.70,2.040,-0.327,0.120,168.179,3.730
2.4775,21.24,TRACKING,-88.102,-87.803,0.563,-12.53,-14.06,-0.566,-0.24390,-0.0391,-0.850,10.150,24.92,2.061,-0.376,0.062,167.811,3.745
2.5001,22.74,TRACKING,-88.346,-88.154,0.544,-12.48,-12.66,-0.567,-0.24487,-0.0352,-1.320,9.825,36.16,2.104,-0.531,0.056,166.859,3.742
2.5216,32.61,TRACKING,-88.599,-88.418,0.445,-9.47,-13.36,-0.568,-0.24561,-0.0371,-1.220,10.025,36.88,2.048,-0.577,0.120,166.181,3.739
2.5755,56.45,TRACKING,-88.802,-88.945,0.384,-8.68,-16.17,-0.570,-0.24707,-0.0449,-0.890,10.525,19.66,2.009,-0.599,0.104,164.607,3.734
2.6123,35.39,TRACKING,-89.464,-89.209,0.519,0.00,2.81,-0.571,-0.24780,0.0078,-0.590,10.450,15.32,1.950,-0.601,0.101,163.321,3.733
2.6878,86.35,TRACKING,-90.110,-90.000,0.901,-13.33,-10.55,-0.574,-0.25000,-0.0293,-1.440,10.800,34.94,1.919,-0.683,-0.017,160.890,3.728
2.7336,34.50,TRACKING,-90.876,-90.615,0.876,-7.82,-11.25,-0.576,-0.25171,-0.0312,-0.990,10.975,26.54,1.910,-0.682,0.044,159.598,3.729
2.7730,26.88,TRACKING,-91.225,-91.055,0.610,-15.04,-14.77,-0.578,-0.25293,-0.0410,-1.370,10.825,32.14,1.897,-0.738,0.085,158.342,3.731
2.7933,21.39,TRACKING,-91.554,-91.406,0.500,-13.42,-21.09,-0.579,-0.25391,-0.0586,-1.040,10.850,24.34,1.852,-0.774,0.101,157.732,3.732
2.8160,26.86,TRACKING,-91.716,-91.758,0.310,-13.88,-15.47,-0.580,-0.25488,-0.0430,-1.170,10.725,23.52,1.838,-0.801,0.072,157.114,3.732
2.8424,27.27,TRACKING,-91.859,-92.285,0.101,-6.56,-9.84,-0.582,-0.25635,-0.0273,-0.990,10.725,20.02,1.840,-0.834,0.070,156.216,3.732
2.8664,27.12,TRACKING,-92.073,-92.461,0.212,0.00,-8.44,-0.583,-0.25684,-0.0234,-1.090,10.775,29.36,1.832,-0.836,0.088,155.581,3.734
2.8900,21.46,TRACKING,-92.186,-92.461,0.275,0.00,0.70,-0.583,-0.25684,0.0020,-0.670,10.725,17.22,1.832,-0.843,0.050,154.764,3.736
2.9128,16.75,TRACKING,-92.356,-92.461,0.105,0.00,-1.41,-0.583,-0.25684,-0.0039,-0.590,10.750,19.40,1.862,-0.853,-0.001,154.051,3.738
2.9397,25.49,TRACKING,-92.461,-92.549,0.000,-5.01,-1.41,-0.583,-0.25708,-0.0039,-0.580,10.775,19.24,1.843,-0.853,0.077,153.282,3.742
2.9697,30.05,TRACKING,-92.593,-92.812,0.044,-2.61,-9.84,-0.584,-0.25781,-0.0273,-0.830,10.825,27.90,1.810,-0.849,0.065,152.266,3.748
2.9900,28.01,TRACKING,-92.818,-93.076,0.005,0.00,-1.41,-0.585,-0.25854,-0.0039,-0.220,10.900,15.38,1.815,-0.845,0.049,151.588,3.752
3.0255,47.15,TRACKING,-92.952,-92.988,0.124,0.00,-2.11,-0.585,-0.25830,-0.0059,-0.580,10.875,19.10,1.796,-0.834,0.059,150.683,3.759
3.0682,23.69,TRACKING,-93.134,-93.076,0.145,-2.80,-2.81,-0.585,-0.25854,-0.0078,-0.480,10.875,20.58,1.820,-0.849,0.029,149.519,3.769
3.0884,20.80,TRACKING,-93.364,-93.164,0.288,-5.35,-8.44,-0.585,-0.25879,-0.0234,-0.850,10.925,30.34,1.774,-0.818,0.061,148.912,3.776
3.1151,38.95,TRACKING,-93.439,-93.604,0.274,-9.39,-18.98,-0.587,-0.26001,-0.0527,-0.850,10.925,26.62,1.775,-0.759,-0.014,148.041,3.787
3.1568,40.85,TRACKING,-93.570,-94.131,0.033,0.00,-4.22,-0.589,-0.26147,-0.0117,-0.050,11.025,17.20,1.761,-0.731,0.030,146.722,3.809
3.1883,29.49,TRACKING,-93.754,-94.043,0.376,5.97,0.00,-0.589,-0.26123,0.0000,-0.600,10.875,17.52,1.772,-0.734,0.002,146.080,3.821
3.2137,28.09,TRACKING,-93.804,-93.867,0.239,0.00,11.95,-0.588,-0.26074,0.0332,-0.160,10.975,9.58,1.760,-0.659,-0.023,145.281,3.837
3.2442,30.18,TRACKING,-93.862,-93.867,0.006,-2.38,0.00,-0.588,-0.26074,0.0000,-0.580,11.050,14.76,1.725,-0.503,-0.014,144.531,3.859
3.2723,24.73,TRACKING,-93.952,-94.043,0.085,-2.00,-7.73,-0.589,-0.26123,-0.0215,-0.890,11.125,28.66,1.735,-0.477,-0.033,143.819,3.880
3.3017,20.70,TRACKING,-94.051,-94.307,0.008,0.00,-5.62,-0.590,-0.26196,-0.0156,-0.920,11.175,21.72,1.750,-0.487,0.049,143.100,3.903
3.3218,33.22,TRACKING,-94.186,-94.219,0.121,0.00,0.70,-0.589,-0.26172,0.0020,-0.660,11.075,19.30,1.779,-0.509,-0.021,142.637,3.918
3.3522,17.25,TRACKING,-94.263,-94.307,0.044,-4.38,-1.41,-0.590,-0.26196,-0.0039,-0.590,10.575,21.36,1.956,-0.330,0.051,141.877,3.951
3.3724,27.34,TRACKING,-94.345,-94.395,0.038,-2.54,-7.73,-0.590,-0.26221,-0.0215,-0.890,10.175,29.78,1.999,-0.248,0.018,141.409,3.974
3.3995,20.85,TRACKING,-94.400,-94.482,0.005,-2.73,-3.52,-0.590,-0.26245,-0.0098,-1.120,9.575,36.96,2.062,-0.219,-0.024,140.823,4.005
3.4226,20.98,TRACKING,-94.554,-94.570,0.071,0.00,0.70,-0.590,-0.26270,0.0020,-0.650,9.625,20.14,1.955,-0.220,0.053,140.235,4.037
3.4431,30.27,TRACKING,-94.655,-94.658,0.085,-3.93,-9.14,-0.591,-0.26294,-0.0254,-1.190,9.675,30.64,1.848,-0.312,0.081,139.784,4.060
3.4696,19.42,TRACKING,-94.757,-94.834,0.099,-3.93,-9.14,-0.591,-0.26343,-0.0254,-0.920,10.300,28.84,1.832,-0.456,0.061,139.236,4.083
3.4899,22.52,TRACKING,-94.963,-95.010,0.129,-2.38,-9.14,-0.592,-0.26392,-0.0254,-0.890,10.750,25.48,1.697,-0.473,0.084,138.859,4.098
3.5112,19.87,TRACKING,-95.147,-95.186,0.137,-4.40,-4.92,-0.593,-0.26440,-0.0137,-1.070,11.050,26.50,1.501,-0.468,-0.044,138.331,4.120
3.5314,17.94,TRACKING,-95.292,-95.273,0.107,-5.40,-6.33,-0.593,-0.26465,-0.0176,-1.130,11.625,28.86,1.325,-0.401,-0.040,137.993,4.136
3.5554,25.75,TRACKING,-95.460,-95.449,0.187,-5.55,-11.95,-0.594,-0.26514,-0.0332,-0.830,11.725,20.44,1.226,-0.369,0.017,137.689,4.149
3.5817,32.41,TRACKING,-95.628,-95.801,0.178,-5.82,-9.14,-0.595,-0.26611,-0.0254,-1.100,11.575,26.16,1.321,-0.396,-0.009,137.238,4.169
3.6160,35.50,TRACKING,-95.834,-95.977,0.033,-2.89,-5.62,-0.596,-0.26660,-0.0156,-0.960,11.500,24.88,1.277,-0.398,0.032,136.787,4.188
3.6599,43.78,TRACKING,-96.051,-96.328,0.074,-3.26,-8.44,-0.597,-0.26758,-0.0234,-1.050,11.550,27.26,1.017,-0.254,-0.012,136.121,4.223
3.6891,25.30,TRACKING,-96.210,-96.504,0.118,0.00,-6.33,-0.597,-0.26807,-0.0176,-1.050,11.575,24.98,0.991,-0.242,0.004,135.896,4.235
3.7212,30.66,TRACKING,-96.366,-96.504,0.138,0.00,0.00,-0.597,-0.26807,0.0000,-0.580,11.225,18.72,0.330,-0.094,-0.069,135.669,4.248
3.7566,38.45,TRACKING,-96.416,-96.504,0.088,-3.39,-10.55,-0.597,-0.26807,-0.0293,-1.140,11.075,29.40,0.239,-0.070,-0.127,135.545,4.255
3.7794,21.93,TRACKING,-96.366,-96.768,0.138,0.00,-11.95,-0.598,-0.26880,-0.0332,-0.090,11.050,25.22,0.166,-0.048,-0.076,135.475,4.258
3.8050,22.41,TRACKING,-96.281,-96.855,0.486,5.89,0.00,-0.599,-0.26904,0.0000,-0.570,11.000,17.18,0.192,-0.055,-0.050,135.447,4.259
3.8393,35.82,TRACKING,-96.224,-96.504,0.632,7.99,10.55,-0.597,-0.26807,0.0293,-0.220,10.975,5.62,0.113,-0.032,-0.009,135.410,4.261
3.8635,21.44,TRACKING,-96.180,-96.064,0.324,2.50,11.95,-0.596,-0.26685,0.0332,-0.100,11.100,6.10,0.044,-0.012,-0.003,135.366,4.263
3.8863,23.24,TRACKING,-96.097,-95.889,0.033,-3.30,6.33,-0.595,-0.26636,0.0176,-0.240,11.200,6.48,0.013,-0.004,0.004,135.160,4.286
3.9069,19.07,TRACKING,-96.127,-95.977,0.239,0.00,-9.84,-0.596,-0.26660,-0.0273,-0.980,11.200,20.42,-0.005,0.001,0.007,135.163,4.285
3.9270,21.02,TRACKING,-96.177,-96.064,0.200,0.00,-3.52,-0.596,-0.26685,-0.0098,-0.550,11.425,16.78,-0.002,0.001,-0.002,135.157,4.286
3.9471,18.09,TRACKING,-96.171,-96.064,0.107,-2.27,-1.41,-0.596,-0.26685,-0.0039,-0.520,11.400,16.48,-0.000,0.000,0.000,135.154,4.286
3.9765,44.89,TRACKING,-96.149,-96.240,0.085,0.00,0.00,-0.596,-0.26733,0.0000,-0.570,11.150,14.02,0.000,0.000,0.000,135.161,4.285
4.0063,15.16,TRACKING,-96.130,-96.240,0.110,0.00,-1.41,-0.596,-0.26733,-0.0039,-0.490,11.275,19.90,-0.000,0.000,0.000,135.159,4.285
4.0266,26.23,TRACKING,-96.130,-96.240,0.110,2.12,0.00,-0.596,-0.26733,0.0000,-0.580,11.425,20.20,-0.004,0.001,-0.000,135.159,4.285
4.0486,17.79,TRACKING,-96.138,-96.152,0.102,0.00,6.33,-0.596,-0.26709,0.0176,-0.240,11.300,12.44,-0.004,0.001,-0.002,135.160,4.285
4.0687,20.79,TRACKING,-96.133,-96.152,0.019,0.00,-2.11,-0.596,-0.26709,-0.0059,-0.550,11.150,15.48,-0.005,0.001,-0.001,135.162,4.285
4.0916,25.40,TRACKING,-96.127,-96.152,0.025,0.00,-1.41,-0.596,-0.26709,-0.0039,-0.480,11.250,17.14,-0.002,0.001,-0.002,134.910,4.316
4.1150,20.76,TRACKING,-96.133,-96.240,0.019,0.00,-3.52,-0.596,-0.26733,-0.0098,-0.460,11.525,19.26,-0.000,0.000,-0.000,134.909,4.316
4.1352,33.37,TRACKING,-96.127,-96.240,0.113,0.00,-1.41,-0.596,-0.26733,-0.0039,-0.560,12.075,19.90,0.000,0.000,0.000,134.909,4.316
4.1795,29.51,TRACKING,-96.125,-96.240,0.116,0.00,0.00,-0.596,-0.26733,0.0000,-0.570,10.625,20.28,-0.129,-0.033,-0.002,134.914,4.315
4.2033,30.35,TRACKING,-96.127,-96.240,0.113,0.00,-0.70,-0.596,-0.26733,-0.0020,-0.500,9.625,19.96,-0.138,-0.103,0.107,134.904,4.313
4.2343,28.29,TRACKING,-96.166,-96.328,0.074,0.00,-1.41,-0.597,-0.26758,-0.0039,-0.510,9.600,20.96,-0.167,-0.317,0.095,134.852,4.304
4.2587,28.18,TRACKING,-96.067,-96.328,0.261,0.00,-0.70,-0.597,-0.26758,-0.0020,-0.570,10.650,22.98,-0.159,-0.322,0.181,134.808,4.294
4.2927,52.50,TRACKING,-95.888,-96.328,0.440,5.82,2.11,-0.597,-0.26758,0.0059,0.250,10.725,-18.70,0.017,0.022,0.121,134.807,4.285
4.3491,35.67,TRACKING,-95.839,-95.889,0.489,9.12,14.06,-0.595,-0.26636,0.0391,0.010,11.250,-5.10,-0.061,-0.050,0.006,134.808,4.281
4.3823,36.19,TRACKING,-95.963,-95.449,0.074,3.75,7.03,-0.594,-0.26514,0.0195,-0.100,11.375,8.04,-0.045,-0.037,-0.015,134.800,4.278
4.4136,24.58,TRACKING,-95.905,-95.273,0.456,-5.87,7.73,-0.593,-0.26465,0.0215,-0.140,11.400,9.92,-0.012,-0.010,-0.024,134.804,4.277
4.4337,19.63,TRACKING,-95.856,-95.449,0.582,-6.36,-12.66,-0.594,-0.26514,-0.0352,-0.830,11.425,18.34,-0.002,-0.002,-0.004,134.799,4.277
4.4538,21.04,TRACKING,-95.875,-95.713,0.426,-2.00,-12.66,-0.595,-0.26587,-0.0352,-0.910,11.450,19.88,-0.002,-0.001,-0.003,134.562,4.303
4.4738,30.40,TRACKING,-95.878,-95.889,0.165,0.00,-4.22,-0.595,-0.26636,-0.0117,-1.010,11.450,24.28,-0.002,-0.001,-0.004,134.562,4.303
4.5182,40.59,TRACKING,-95.869,-95.889,0.019,0.00,0.00,-0.595,-0.26636,0.0000,-0.580,11.450,21.10,-0.001,-0.001,-0.002,134.562,4.303
4.5527,31.70,TRACKING,-95.853,-95.889,0.036,0.00,0.00,-0.595,-0.26636,0.0000,-0.580,11.475,22.34,0.000,0.000,0.000,134.567,4.302
4.5832,27.95,TRACKING,-95.878,-95.889,0.011,0.00,0.00,-0.595,-0.26636,0.0000,-0.580,11.475,22.90,-0.000,-0.000,-0.001,134.411,4.324
4.6073,26.42,TRACKING,-95.902,-95.889,0.014,0.00,0.00,-0.595,-0.26636,0.0000,-0.580,11.450,23.10,0.000,0.000,0.000,134.414,4.324
4.6398,28.40,TRACKING,-95.908,-95.889,0.019,0.00,0.00,-0.595,-0.26636,0.0000,-0.580,11.450,23.30,-0.001,-0.000,-0.002,134.414,4.324
4.6659,43.78,TRACKING,-95.910,-95.889,0.022,0.00,0.00,-0.595,-0.26636,0.0000,-0.580,11.450,23.46,-0.000,-0.000,-0.001,134.412,4.324
4.7090,28.66,TRACKING,-95.910,-95.889,0.022,0.00,0.00,-0.595,-0.26636,0.0000,-0.580,11.450,23.36,0.002,0.001,0.001,134.252,4.342
4.7398,25.02,TRACKING,-95.916,-95.889,0.027,0.00,0.00,-0.595,-0.26636,0.0000,-0.580,11.450,23.40,0.000,0.000,0.000,134.247,4.342
4.7648,25.23,TRACKING,-95.905,-95.889,0.016,0.00,0.00,-0.595,-0.26636,0.0000,-0.580,11.475,23.54,0.000,0.000,0.000,134.249,4.342
4.7923,34.17,TRACKING,-95.899,-95.889,0.011,0.00,0.00,-0.595,-0.26636,0.0000,-0.580,11.450,23.46,-0.001,-0.001,-0.001,134.247,4.342
4.8264,26.90,TRACKING,-95.897,-95.889,0.008,0.00,0.00,-0.595,-0.26636,0.0000,-0.580,11.450,23.56,0.000,0.000,0.000,134.247,4.342
4.8465,20.26,TRACKING,-95.891,-95.889,0.003,0.00,0.00,-0.595,-0.26636,0.0000,-0.580,11.475,23.44,0.000,0.000,0.000,134.249,4.342
4.8671,19.96,TRACKING,-95.891,-95.889,0.003,0.00,0.00,-0.595,-0.26636,0.0000,-0.580,11.475,23.44,0.000,0.000,0.000,134.247,4.342
4.8906,24.02,TRACKING,-95.894,-95.889,0.005,0.00,0.00,-0.595,-0.26636,0.0000,-0.580,11.475,23.50,0.000,0.000,0.000,134.249,4.342
4.9108,21.30,TRACKING,-95.894,-95.889,0.005,0.00,0.00,-0.595,-0.26636,0.0000,-0.580,11.475,23.36,0.000,0.000,0.000,134.249,4.342
4.9316,21.61,TRACKING,-95.894,-95.889,0.005,0.00,0.00,-0.595,-0.26636,0.0000,-0.580,11.475,23.46,0.000,0.000,0.000,134.101,4.360
4.9542,20.27,TRACKING,-95.897,-95.889,0.008,0.00,0.00,-0.595,-0.26636,0.0000,-0.580,11.450,22.84,0.000,0.000,0.000,134.101,4.360
4.9744,21.20,TRACKING,-95.899,-95.889,0.011,0.00,0.00,-0.595,-0.26636,0.0000,-0.580,11.450,22.82,0.000,0.000,0.000,134.103,4.360
5.0047,30.50,TRACKING,-95.899,-95.889,0.011,0.00,0.00,-0.595,-0.26636,0.0000,-0.580,11.100,21.06,-0.303,-0.131,0.012,134.121,4.357
5.0250,24.69,TRACKING,-95.941,-95.889,0.052,0.00,0.00,-0.595,-0.26636,0.0000,-0.580,10.450,21.44,-0.309,-0.028,0.012,134.157,4.352
5.0489,17.73,TRACKING,-95.987,-95.889,0.099,0.00,-0.70,-0.595,-0.26636,-0.0020,-0.550,10.000,24.64,-0.517,0.124,0.075,134.274,4.345
5.0691,26.53,TRACKING,-95.996,-95.889,0.107,-2.93,-7.03,-0.595,-0.26636,-0.0195,-0.900,10.350,30.70,-0.813,0.335,-0.030,134.425,4.339
5.0974,29.29,TRACKING,-95.960,-96.152,0.071,-2.40,-13.36,-0.596,-0.26709,-0.0371,-0.720,10.375,23.84,-0.670,0.228,-0.213,134.529,4.345
5.1193,14.93,TRACKING,-95.924,-96.328,0.228,4.75,-11.25,-0.597,-0.26758,-0.0312,-0.740,9.775,25.22,-1.019,0.313,-0.104,134.821,4.330
5.1394,24.26,TRACKING,-95.834,-96.240,0.495,8.79,9.14,-0.596,-0.26733,0.0254,0.050,9.750,-9.34,-1.191,0.386,-0.305,135.089,4.316
5.1686,49.88,TRACKING,-95.792,-95.889,0.448,5.34,9.84,-0.595,-0.26636,0.0273,-0.100,9.375,6.02,-1.217,0.404,-0.323,135.571,4.294
5.2207,36.67,TRACKING,-95.633,-95.625,0.256,0.00,-4.92,-0.594,-0.26562,-0.0137,-0.450,9.450,13.96,-1.269,0.399,-0.130,136.349,4.257
5.2520,30.48,TRACKING,-95.493,-95.625,0.132,0.00,-0.70,-0.594,-0.26562,-0.0020,-0.520,9.275,12.14,-1.320,0.395,-0.117,136.811,4.235
5.2787,27.56,TRACKING,-95.430,-95.713,0.195,0.00,-4.22,-0.595,-0.26587,-0.0117,-0.470,9.175,13.86,-1.451,0.451,-0.112,137.265,4.215
5.3155,55.91,TRACKING,-95.328,-95.713,0.385,2.52,4.22,-0.595,-0.26587,0.0117,-0.260,9.150,10.98,-1.475,0.460,-0.070,137.853,4.190
5.3782,79.47,TRACKING,-95.185,-95.186,0.528,3.90,9.14,-0.593,-0.26440,0.0254,-0.370,10.300,7.68,-1.465,0.541,0.022,139.355,4.136
5.4644,53.52,TRACKING,-94.955,-94.834,0.231,0.00,-0.70,-0.591,-0.26343,-0.0020,-0.570,8.825,14.52,-1.677,0.510,-0.042,140.579,4.099
5.5013,34.76,TRACKING,-94.691,-94.834,0.143,0.00,-2.81,-0.591,-0.26343,-0.0078,-0.470,10.025,15.10,-1.727,0.424,-0.062,141.163,4.080
5.5315,23.23,TRACKING,-94.512,-94.922,0.322,6.41,12.66,-0.592,-0.26367,0.0352,0.170,9.650,-7.20,-1.926,0.210,-0.093,141.786,4.047
5.5517,20.89,TRACKING,-94.364,-94.658,0.558,11.02,7.03,-0.591,-0.26294,0.0195,-0.060,9.450,9.90,-1.998,0.203,-0.053,142.223,4.024
5.5722,16.86,TRACKING,-94.205,-94.482,0.453,4.12,10.55,-0.590,-0.26245,0.0293,0.130,9.375,-0.56,-2.117,0.246,-0.024,142.699,4.000
5.5916,21.09,TRACKING,-94.043,-94.395,0.440,-6.22,-14.06,-0.590,-0.26221,-0.0391,-1.220,9.250,22.74,-2.145,0.285,0.352,143.213,3.977
5.6118,22.61,TRACKING,-93.914,-94.658,0.481,-19.75,-21.09,-0.591,-0.26294,-0.0586,-1.580,9.400,20.94,-2.076,0.312,0.604,143.735,3.954
5.6319,21.72,TRACKING,-93.977,-95.186,0.681,-30.15,-27.42,-0.593,-0.26440,-0.0762,-1.730,9.500,24.32,-2.179,0.310,1.251,144.251,3.933
5.6543,30.53,TRACKING,-94.306,-95.977,0.879,-36.44,-37.27,-0.596,-0.26660,-0.1035,-1.270,9.750,18.70,-2.106,0.294,1.498,144.752,3.911
5.6911,26.82,TRACKING,-94.933,-97.559,1.044,-41.87,-47.81,-0.601,-0.27100,-0.1328,-1.540,9.650,32.20,-2.041,0.353,2.065,145.800,3.867
5.7136,32.61,TRACKING,-97.201,-98.438,0.357,-28.69,-43.59,-0.604,-0.27344,-0.1211,-1.700,9.600,27.30,-2.028,0.376,2.172,146.319,3.845
5.7594,54.39,TRACKING,-98.424,-101.162,0.014,-66.81,-62.58,-0.614,-0.28101,-0.1738,-2.350,10.100,40.02,-2.031,0.598,2.083,147.979,3.784
5.8041,27.42,TRACKING,-104.082,-103.096,2.919,-21.47,-71.72,-0.621,-0.28638,-0.1992,-1.900,10.150,29.94,-2.043,0.620,2.100,148.773,3.753
5.8334,35.13,TRACKING,-107.067,-104.326,3.971,-145.18,-64.69,-0.626,-0.28979,-0.1797,-3.600,10.325,53.86,-1.954,0.756,1.746,149.625,3.721
5.8663,28.73,TRACKING,-110.171,-107.930,5.845,-135.19,-144.84,-0.639,-0.29980,-0.4023,-3.390,10.300,44.26,-1.933,0.911,1.695,150.568,3.691
5.8930,19.42,TRACKING,-113.263,-111.973,5.334,-121.57,-139.22,-0.653,-0.31104,-0.3867,-3.160,10.650,33.92,-1.874,1.017,1.558,151.383,3.665
5.9148,31.16,TRACKING,-116.230,-114.434,4.257,-125.63,-123.75,-0.662,-0.31787,-0.3438,-3.200,10.725,28.44,-1.834,1.090,1.445,151.978,3.647
5.9465,28.98,TRACKING,-118.172,-118.389,3.738,-122.67,-123.05,-0.676,-0.32886,-0.3418,-2.970,10.825,29.42,-1.769,1.216,1.416,152.912,3.621
5.9666,14.86,TRACKING,-120.995,-120.410,2.606,-64.33,-98.44,-0.683,-0.33447,-0.2734,-4.200,10.625,61.46,-1.718,1.277,1.259,153.523,3.605
5.9882,25.60,TRACKING,-122.731,-122.432,2.321,-114.58,-77.34,-0.691,-0.34009,-0.2148,-2.410,10.250,27.92,-1.719,1.355,0.797,154.226,3.588
6.0135,22.26,TRACKING,-124.318,-125.771,1.887,-67.13,-117.42,-0.703,-0.34937,-0.3262,-2.780,11.125,32.76,-1.599,1.499,0.427,155.383,3.561
6.0337,19.31,TRACKING,-126.389,-127.354,0.618,-21.04,-61.17,-0.708,-0.35376,-0.1699,-2.550,10.650,21.42,-1.559,1.546,0.258,156.020,3.553
6.0536,21.72,TRACKING,-127.367,-128.232,0.014,-50.16,-53.44,-0.712,-0.35620,-0.1484,-2.210,10.725,36.26,-1.495,1.594,0.186,156.714,3.541
6.0736,28.31,TRACKING,-128.100,-129.199,0.132,-33.21,-44.30,-0.715,-0.35889,-0.1230,-0.940,11.075,30.42,-1.394,1.649,0.087,157.567,3.536
6.1042,28.90,TRACKING,-128.655,-130.254,0.544,-14.89,-33.75,-0.719,-0.36182,-0.0938,-1.600,11.150,30.28,-1.338,1.673,0.084,158.679,3.533
6.1321,22.43,TRACKING,-129.257,-130.693,0.997,0.00,-18.28,-0.720,-0.36304,-0.0508,-1.340,11.000,35.50,-1.324,1.686,0.032,158.060,3.527
6.1599,24.54,TRACKING,-129.699,-130.693,0.994,-2.93,-9.14,-0.720,-0.36304,-0.0254,-1.040,11.150,30.14,-1.311,1.715,0.026,159.101,3.517
6.1828,31.53,TRACKING,-129.842,-130.957,0.852,-5.90,-11.25,-0.721,-0.36377,-0.0312,-1.080,11.175,30.42,-1.229,1.628,0.029,160.014,3.520
6.2185,27.19,TRACKING,-130.059,-131.133,0.898,4.79,13.36,-0.722,-0.36426,0.0371,-0.290,11.450,16.94,-1.235,1.626,0.029,161.222,3.521
6.2413,30.31,TRACKING,-130.155,-130.693,0.978,5.62,11.25,-0.720,-0.36304,0.0312,-0.390,11.475,13.14,-1.221,1.612,0.001,162.108,3.516
6.2724,26.51,TRACKING,-130.166,-130.430,0.527,0.00,9.84,-0.720,-0.36230,0.0273,-1.180,11.400,7.28,-1.209,1.619,-0.009,163.105,3.510
6.2969,28.77,TRACKING,-130.141,-130.430,0.288,0.00,0.00,-0.720,-0.36230,0.0000,-0.710,11.375,16.70,-1.201,1.611,-0.001,163.723,3.509
6.3291,35.12,TRACKING,-130.097,-130.430,0.332,3.08,-1.41,-0.720,-0.36230,-0.0039,-0.710,11.350,24.44,-1.191,1.601,-0.032,164.941,3.506
6.3559,31.55,TRACKING,-130.042,-130.342,0.387,4.48,4.22,-0.719,-0.36206,0.0117,-0.210,11.375,9.84,-1.195,1.609,-0.012,165.859,3.512
6.4025,31.29,TRACKING,-130.045,-129.902,0.297,4.67,8.44,-0.718,-0.36084,0.0234,-0.340,11.450,7.62,-1.071,1.271,-0.015,165.980,3.488
6.4226,37.19,TRACKING,-130.031,-129.727,0.129,-3.28,6.33,-0.717,-0.36035,0.0176,-1.860,11.625,13.50,-1.128,1.296,-0.019,166.543,3.484
6.4737,37.23,TRACKING,-130.037,-130.166,0.310,-4.35,-11.25,-0.719,-0.36157,-0.0312,-0.980,11.875,23.98,-1.062,1.170,0.013,168.131,3.485
6.5058,36.41,TRACKING,-130.045,-130.254,0.121,2.67,11.25,-0.719,-0.36182,0.0312,-0.420,11.825,13.96,-1.025,1.118,-0.017,168.869,3.481
6.5389,28.60,TRACKING,-130.009,-130.078,0.245,2.43,4.92,-0.718,-0.36133,0.0137,-0.350,11.650,8.98,-1.000,1.094,0.002,169.648,3.478
6.5632,22.84,TRACKING,-130.100,-129.814,0.022,0.00,2.11,-0.717,-0.36060,0.0059,-0.870,11.375,13.86,-1.016,1.119,0.045,169.306,3.468
6.5857,21.22,TRACKING,-130.103,-129.814,0.288,-6.93,-1.41,-0.717,-0.36060,-0.0039,-1.670,11.525,20.82,-0.958,1.168,-0.032,169.823,3.468
6.6059,21.39,TRACKING,-130.158,-130.078,0.343,-4.81,-16.17,-0.718,-0.36133,-0.0449,-0.900,11.425,21.62,-0.890,1.095,0.006,170.636,3.469
6.6278,21.59,TRACKING,-130.166,-130.342,0.088,0.00,-7.73,-0.719,-0.36206,-0.0215,-1.150,11.450,26.24,-0.839,1.033,0.014,171.097,3.472
6.6531,29.61,TRACKING,-130.180,-130.342,0.162,2.40,2.11,-0.719,-0.36206,0.0059,-0.030,11.525,15.70,-0.820,0.951,-0.038,171.909,3.477
6.6777,20.22,TRACKING,-130.160,-130.166,0.181,0.00,5.62,-0.719,-0.36157,0.0156,-0.370,11.575,12.06,-0.831,0.953,0.016,172.360,3.476
6.7017,22.54,TRACKING,-130.177,-130.166,0.011,0.00,-2.81,-0.719,-0.36157,-0.0078,-0.520,11.575,17.16,-0.719,0.837,-0.086,173.200,3.480
6.7223,22.07,TRACKING,-130.108,-130.166,0.058,0.00,-1.41,-0.719,-0.36157,-0.0039,-0.700,11.700,24.42,-0.573,0.670,-0.022,173.493,3.481
6.7494,48.84,TRACKING,-130.023,-130.254,0.143,2.62,-0.70,-0.719,-0.36182,-0.0020,-0.650,11.525,25.12,-0.430,0.435,0.027,172.504,3.466
6.7905,26.97,TRACKING,-129.883,-129.990,0.371,3.74,4.92,-0.718,-0.36108,0.0137,-0.300,11.650,10.94,-0.410,0.395,0.015,172.928,3.463
6.8196,37.08,TRACKING,-129.803,-129.727,0.187,2.90,7.73,-0.717,-0.36035,0.0215,-0.330,11.375,8.90,-0.530,0.508,-0.009,173.575,3.467
6.8621,38.66,TRACKING,-129.781,-129.463,0.055,0.00,2.11,-0.716,-0.35962,0.0059,-0.910,11.375,13.44,-0.433,0.440,0.015,174.026,3.467
6.8940,29.25,TRACKING,-129.886,-129.727,0.423,-3.16,-11.95,-0.717,-0.36035,-0.0332,-0.830,11.375,19.00,-0.239,0.281,0.011,174.308,3.468
6.9264,23.02,TRACKING,-129.910,-129.902,0.184,-2.43,-6.33,-0.718,-0.36084,-0.0176,-1.130,11.475,26.60,-0.285,0.326,0.018,174.459,3.467
6.9485,26.92,TRACKING,-129.916,-129.990,0.014,0.00,-6.33,-0.718,-0.36108,-0.0176,-1.090,11.325,28.88,-0.282,0.291,-0.049,174.607,3.467
6.9774,24.02,TRACKING,-129.878,-129.990,0.113,0.00,0.00,-0.718,-0.36108,0.0000,-0.700,11.500,23.12,-0.296,0.292,-0.019,174.776,3.468
7.0039,26.81,TRACKING,-129.831,-129.990,0.159,2.58,7.03,-0.718,-0.36108,0.0195,-0.010,11.275,17.36,-0.274,0.302,-0.014,174.975,3.468
7.0309,29.12,TRACKING,-129.798,-129.902,0.192,2.84,4.22,-0.718,-0.36084,0.0117,-0.190,11.350,9.16,-0.219,0.230,-0.007,175.172,3.468
7.0566,25.30,TRACKING,-129.757,-129.727,0.146,0.00,7.03,-0.717,-0.36035,0.0195,-1.090,11.450,6.76,-0.202,0.204,-0.011,175.289,3.469
7.0807,20.91,TRACKING,-129.724,-129.814,0.003,0.00,-0.70,-0.717,-0.36060,-0.0020,-0.680,11.400,20.28,0.082,-0.086,-0.007,175.353,3.469
7.1012,27.58,TRACKING,-129.696,-129.814,0.118,2.78,-2.11,-0.717,-0.36060,-0.0059,-0.630,11.400,21.94,-0.038,0.040,0.011,175.380,3.468
7.1248,15.43,TRACKING,-129.674,-129.727,0.140,2.44,3.52,-0.717,-0.36035,0.0098,-0.190,11.425,11.42,-0.072,0.077,0.007,175.409,3.469
7.1449,22.67,TRACKING,-129.652,-129.639,0.074,0.00,-4.92,-0.717,-0.36011,-0.0137,-0.660,11.475,17.34,-0.033,0.035,-0.012,175.427,3.469
7.1665,19.76,TRACKING,-129.655,-129.639,0.016,0.00,-2.81,-0.717,-0.36011,-0.0078,-0.630,11.475,18.32,-0.015,0.015,0.005,175.437,3.468
7.1851,26.80,TRACKING,-129.672,-129.727,0.033,0.00,-1.41,-0.717,-0.36035,-0.0039,-0.650,11.500,22.08,0.000,-0.000,0.000,175.440,3.469
7.2090,19.83,TRACKING,-129.693,-129.727,0.033,0.00,-2.11,-0.717,-0.36035,-0.0059,-0.590,11.500,22.62,0.001,-0.001,-0.001,175.440,3.469
7.2290,14.91,TRACKING,-129.688,-129.814,0.039,0.00,-2.11,-0.717,-0.36060,-0.0059,-0.660,11.475,22.22,0.001,-0.001,-0.000,175.439,3.469
7.2492,38.36,TRACKING,-129.680,-129.814,0.135,2.19,7.73,-0.717,-0.36060,0.0215,-0.290,11.475,15.40,0.019,-0.021,-0.008,175.434,3.469
7.2887,22.33,TRACKING,-129.693,-129.639,0.121,0.00,4.22,-0.717,-0.36011,0.0117,-0.210,10.925,10.74,0.004,-0.008,0.096,175.445,3.468
7.3152,38.62,TRACKING,-129.658,-129.727,0.019,0.00,-2.11,-0.717,-0.36035,-0.0059,-0.590,11.200,19.40,0.063,-0.112,0.029,175.391,3.468
7.3525,47.80,TRACKING,-129.595,-129.814,0.132,0.00,-3.52,-0.717,-0.36060,-0.0098,-0.580,11.275,22.72,-0.017,0.023,-0.030,175.349,3.468
7.3946,38.14,TRACKING,-129.606,-129.902,0.209,4.87,-0.70,-0.718,-0.36084,-0.0020,-0.650,11.450,25.28,0.016,-0.023,-0.035,175.329,3.468
7.4322,34.39,TRACKING,-129.628,-129.639,0.275,5.33,6.33,-0.717,-0.36011,0.0176,-0.160,11.450,9.78,0.005,-0.007,-0.006,175.322,3.467
7.4801,51.50,TRACKING,-129.617,-129.463,0.022,0.00,-4.22,-0.716,-0.35962,-0.0117,-0.360,11.475,14.54,-0.001,0.001,0.002,175.324,3.467
7.5166,35.04,TRACKING,-129.608,-129.551,0.145,-2.66,-2.81,-0.716,-0.35986,-0.0078,-0.510,11.475,17.20,-0.000,0.001,0.000,175.325,3.467
7.5523,37.73,TRACKING,-129.606,-129.990,0.055,0.00,-11.95,-0.718,-0.36108,-0.0332,-0.870,11.475,28.92,-0.001,0.001,0.001,175.326,3.467
7.5903,33.43,TRACKING,-129.617,-130.078,0.374,6.15,7.03,-0.718,-0.36133,0.0195,0.150,10.175,-15.34,0.053,-0.042,-0.166,175.299,3.468
7.6220,40.94,TRACKING,-129.611,-129.727,0.467,6.08,9.84,-0.717,-0.36035,0.0273,-0.270,9.725,7.42,0.067,-0.013,-0.056,175.262,3.469
7.6663,22.39,TRACKING,-129.718,-129.287,0.008,0.00,10.55,-0.715,-0.35913,0.0293,-0.360,11.425,8.86,-0.005,-0.001,-0.020,175.246,3.470
7.6908,24.43,TRACKING,-129.916,-129.375,0.629,-11.86,-21.80,-0.716,-0.35938,-0.0605,-1.150,10.300,30.52,-0.048,-0.001,0.090,175.266,3.469
7.7148,28.51,TRACKING,-130.012,-129.814,0.637,-13.55,-16.17,-0.717,-0.36060,-0.0449,-1.250,9.725,26.50,-0.033,0.010,0.184,175.294,3.469
7.7386,18.20,TRACKING,-130.001,-130.078,0.187,-6.50,-20.39,-0.718,-0.36133,-0.0566,-1.200,9.675,32.74,0.000,-0.008,0.181,175.312,3.469
7.7588,39.53,TRACKING,-129.795,-130.430,0.283,0.00,-0.70,-0.720,-0.36230,-0.0020,-0.550,11.550,23.62,0.011,-0.024,0.078,175.305,3.469
7.7979,29.14,TRACKING,-129.606,-130.430,0.824,12.83,0.00,-0.720,-0.36230,0.0000,-0.700,11.250,23.68,0.035,-0.061,0.018,175.279,3.468
7.8295,24.21,TRACKING,-129.537,-130.166,0.893,17.96,16.88,-0.719,-0.36157,0.0469,0.000,11.075,-8.04,0.013,-0.022,0.093,175.243,3.467
7.8661,35.02,TRACKING,-129.663,-129.287,0.503,12.92,14.77,-0.715,-0.35913,0.0410,-0.130,11.375,11.50,-0.001,0.008,0.074,175.258,3.467
7.8927,32.41,TRACKING,-129.630,-128.936,0.343,-6.65,-21.09,-0.714,-0.35815,-0.0586,-0.920,11.425,27.74,0.002,-0.019,0.026,175.247,3.467
7.9187,31.48,TRACKING,-129.523,-129.199,0.588,-8.02,-14.06,-0.715,-0.35889,-0.0391,-1.000,11.425,19.32,0.002,-0.017,0.027,175.243,3.467
7.9519,36.54,TRACKING,-129.531,-129.727,0.332,0.00,-10.55,-0.717,-0.36035,-0.0293,-0.110,11.425,20.42,0.002,-0.018,0.006,175.241,3.466
7.9864,37.60,TRACKING,-129.526,-129.727,0.201,5.82,0.00,-0.717,-0.36035,0.0000,-0.710,11.450,18.06,0.001,-0.006,0.004,175.237,3.466
8.0230,27.68,TRACKING,-129.520,-129.287,0.206,3.97,12.66,-0.715,-0.35913,0.0352,-0.390,11.450,11.26,0.000,-0.002,0.003,175.228,3.466
8.0522,26.34,TRACKING,-129.523,-129.023,0.236,-3.77,8.44,-0.714,-0.35840,0.0234,-0.340,11.450,8.94,0.000,0.000,0.000,175.228,3.466
8.0816,27.08,TRACKING,-129.540,-129.287,0.516,-7.09,-12.66,-0.715,-0.35913,-0.0352,-1.150,11.475,24.50,-0.000,0.000,0.000,175.231,3.466
8.1063,28.27,TRACKING,-129.553,-129.551,0.266,-2.37,-11.95,-0.716,-0.35986,-0.0332,-0.790,11.475,18.58,0.000,0.000,0.000,175.231,3.466
8.1336,18.66,TRACKING,-129.556,-129.727,0.005,0.00,-7.03,-0.717,-0.36035,-0.0195,-1.070,11.475,26.30,0.000,-0.000,-0.002,175.228,3.466
8.1538,22.82,TRACKING,-129.559,-129.727,0.168,2.98,0.00,-0.717,-0.36035,0.0000,-0.710,11.475,18.08,-0.000,0.000,0.000,175.228,3.466
8.1738,19.57,TRACKING,-129.564,-129.639,0.162,2.04,8.44,-0.717,-0.36011,0.0234,-0.370,10.500,11.86,-0.001,0.038,-0.005,175.234,3.466
8.1938,32.63,TRACKING,-129.567,-129.463,0.072,23.13,7.73,-0.716,-0.35962,0.0215,-0.470,9.825,10.72,0.028,0.077,-0.438,175.246,3.467
8.2243,18.05,TRACKING,-129.575,-128.760,0.113,43.78,29.53,-0.714,-0.35767,0.0820,-0.150,10.300,8.06,0.107,0.073,-1.385,175.221,3.473
8.2446,17.51,TRACKING,-129.614,-128.057,0.854,52.97,47.81,-0.711,-0.35571,0.1328,0.340,10.250,-1.84,0.093,0.139,-1.666,175.228,3.474
8.2646,23.41,TRACKING,-129.479,-126.914,1.423,56.49,55.55,-0.707,-0.35254,0.1543,0.700,9.625,-6.40,0.016,0.103,-1.683,175.249,3.478
8.2921,28.70,TRACKING,-128.955,-125.156,2.041,48.86,52.73,-0.701,-0.34766,0.1465,0.290,8.025,-13.24,0.077,0.162,-2.660,175.301,3.481
8.3218,33.20,TRACKING,-127.606,-123.662,2.450,46.43,50.62,-0.695,-0.34351,0.1406,0.380,8.300,-6.62,-0.018,0.340,-3.204,175.398,3.490
8.3514,23.36,TRACKING,-125.137,-121.992,1.475,81.15,90.70,-0.689,-0.33887,0.2520,0.850,8.300,-7.10,-0.103,0.399,-3.491,175.528,3.499
8.3792,33.89,TRACKING,-121.901,-120.410,0.091,135.12,101.95,-0.683,-0.33447,0.2832,3.500,8.500,-15.78,-0.077,0.283,-3.772,175.593,3.501
8.4015,14.82,TRACKING,-119.303,-116.455,1.107,175.59,146.25,-0.669,-0.32349,0.4062,4.160,8.075,-8.94,-0.094,0.233,-4.260,175.748,3.509
8.4217,38.60,TRACKING,-114.645,-112.852,1.810,163.86,179.30,-0.656,-0.31348,0.4980,2.270,8.150,-3.00,-0.115,0.158,-4.445,175.795,3.513
8.4857,57.43,TRACKING,-111.061,-100.986,1.791,167.01,167.34,-0.614,-0.28052,0.4648,2.410,10.750,-1.24,-0.051,0.142,-4.129,175.868,3.525
8.5212,31.46,TRACKING,-95.976,-96.240,5.010,-21.40,135.00,-0.596,-0.26733,0.3750,-0.540,10.850,24.02,-0.025,0.113,-3.816,175.937,3.530
8.5522,36.65,TRACKING,-89.228,-95.977,7.012,279.77,51.33,-0.596,-0.26660,0.1426,2.720,11.200,-12.82,-0.185,0.240,-3.116,176.059,3.539
8.5928,37.53,TRACKING,-82.705,-89.736,13.272,254.24,246.80,-0.573,-0.24927,0.6855,4.450,10.300,49.22,-0.221,0.265,-1.763,176.174,3.554
8.6279,27.34,TRACKING,-75.256,-82.178,14.480,199.88,247.50,-0.546,-0.22827,0.6875,4.160,11.175,8.30,-0.508,0.301,-1.208,176.333,3.566
8.6481,20.93,TRACKING,-69.054,-78.223,13.123,218.59,203.20,-0.532,-0.21729,0.5645,1.640,10.900,11.48,-0.580,0.270,-0.780,176.523,3.576
8.6682,17.44,TRACKING,-67.711,-74.004,10.511,272.94,213.75,-0.516,-0.20557,0.5938,3.670,10.775,2.02,-0.515,0.165,-0.488,176.654,3.583
8.6881,25.30,TRACKING,-65.206,-69.170,8.798,168.04,248.91,-0.499,-0.19214,0.6914,5.540,10.400,40.18,-0.451,0.093,-0.633,176.858,3.592
8.7120,21.91,TRACKING,-63.157,-63.193,6.013,126.68,184.22,-0.477,-0.17554,0.5117,0.510,10.950,3.54,-0.540,0.058,-0.422,176.984,3.598
8.7465,35.63,TRACKING,-61.150,-60.029,2.044,60.20,54.84,-0.466,-0.16675,0.1523,2.130,10.550,0.50,-0.665,0.029,-0.336,177.088,3.619
8.7742,30.68,TRACKING,-59.524,-58.096,0.506,37.71,61.17,-0.459,-0.16138,0.1699,0.840,10.700,3.18,-0.731,0.012,-0.266,177.019,3.641
8.8058,28.62,TRACKING,-58.480,-56.777,0.384,26.11,29.53,-0.454,-0.15771,0.0820,0.140,10.775,-7.46,-0.753,0.008,-0.141,177.459,3.654
8.8403,44.21,TRACKING,-57.835,-55.635,1.057,11.58,15.47,-0.450,-0.15454,0.0430,-0.020,10.025,5.22,-0.940,-0.007,-0.021,178.053,3.672
8.8761,24.73,TRACKING,-57.477,-55.195,1.843,-10.15,13.36,-0.449,-0.15332,0.0371,-2.420,10.400,10.40,-1.007,-0.012,0.084,178.599,3.689
8.9060,41.16,TRACKING,-57.329,-55.723,2.134,-28.06,-18.98,-0.451,-0.15479,-0.0527,-0.730,10.625,12.62,-0.950,-0.031,0.237,179.091,3.703
8.9381,16.81,TRACKING,-57.313,-56.689,1.590,-43.11,-33.05,-0.454,-0.15747,-0.0918,-1.170,9.975,19.32,-0.926,-0.044,0.809,179.468,3.717
8.9582,20.26,TRACKING,-57.593,-57.480,0.903,-55.52,-47.81,-0.457,-0.15967,-0.1328,-1.480,9.175,27.46,-1.034,-0.060,1.402,179.724,3.725
8.9897,50.70,TRACKING,-58.093,-59.238,0.612,-72.87,-71.72,-0.463,-0.16455,-0.1992,-2.370,9.575,32.16,-0.891,-0.115,1.841,-179.836,3.737
9.0441,45.37,TRACKING,-59.386,-63.545,0.148,-62.91,-61.87,-0.479,-0.17651,-0.1719,-2.070,10.825,26.30,-0.549,-0.044,2.570,-179.408,3.748
9.0868,41.68,TRACKING,-63.624,-65.742,0.079,-19.30,-20.39,-0.487,-0.18262,-0.0566,-1.450,10.100,12.34,-0.370,0.077,1.414,-179.094,3.757
9.1153,23.48,TRACKING,-67.544,-66.445,1.802,-52.47,-14.06,-0.489,-0.18457,-0.0391,-1.580,11.500,34.84,-0.502,0.075,1.856,-178.893,3.764
9.1383,19.03,TRACKING,-70.178,-66.973,3.732,-89.96,-44.30,-0.491,-0.18604,-0.1230,-2.210,10.550,54.38,-0.247,0.033,0.947,-178.804,3.767
9.1607,31.00,TRACKING,-72.262,-68.818,5.290,-126.47,-86.48,-0.498,-0.19116,-0.2402,-3.650,9.750,66.88,-0.267,0.176,0.855,-178.335,3.777
9.1941,35.62,TRACKING,-74.726,-72.158,5.908,-88.43,-125.86,-0.510,-0.20044,-0.3496,-3.130,10.150,49.02,-0.221,0.336,0.317,-178.311,3.787
9.2261,24.49,TRACKING,-76.407,-74.707,4.249,-71.87,-76.64,-0.519,-0.20752,-0.2129,-3.090,10.450,45.84,-0.058,0.366,-0.005,-177.997,3.802
9.2484,21.31,TRACKING,-77.368,-76.201,2.661,-57.32,-73.12,-0.524,-0.21167,-0.2031,-2.080,10.000,31.44,0.039,0.301,-0.081,-177.847,3.809
9.2759,28.33,TRACKING,-78.118,-77.959,1.917,-46.67,-46.41,-0.531,-0.21655,-0.1289,-1.750,10.075,20.88,0.199,0.306,-0.165,-177.925,3.813
9.2962,18.01,TRACKING,-78.596,-78.926,0.637,-26.48,-51.33,-0.534,-0.21924,-0.1426,-1.630,9.600,28.28,0.327,0.243,-0.226,-177.869,3.815
9.3161,22.37,TRACKING,-79.143,-79.717,0.217,-18.71,-32.34,-0.537,-0.22144,-0.0898,-1.120,11.150,21.64,0.424,0.143,-0.170,-177.994,3.816
9.3375,24.73,TRACKING,-79.692,-80.068,0.025,-16.07,-13.36,-0.538,-0.22241,-0.0371,-1.620,11.075,36.90,0.348,0.066,-0.028,-177.951,3.814
9.3612,25.25,TRACKING,-80.260,-80.420,0.192,-20.17,-11.95,-0.540,-0.22339,-0.0332,-1.600,10.900,42.04,0.266,0.050,0.022,-177.935,3.812
9.3913,65.35,TRACKING,-80.606,-80.859,0.187,-22.80,-23.91,-0.541,-0.22461,-0.0664,-1.390,10.825,39.28,0.109,0.009,-0.075,-178.041,3.811
9.4780,56.49,TRACKING,-80.483,-82.529,0.376,-11.32,-11.95,-0.547,-0.22925,-0.0332,-1.250,11.175,29.96,0.148,-0.008,-0.050,-178.162,3.807
9.5510,88.06,TRACKING,-80.650,-81.914,1.879,23.96,30.94,-0.545,-0.22754,0.0859,-0.030,10.425,6.14,0.027,0.008,0.202,-178.148,3.807
9.6146,38.27,TRACKING,-80.711,-80.420,1.203,10.96,15.47,-0.540,-0.22339,0.0430,-0.070,10.425,5.12,0.106,0.052,0.189,-178.139,3.808
9.6388,21.04,TRACKING,-80.538,-80.068,0.118,-12.38,16.88,-0.538,-0.22241,0.0469,-0.200,10.525,6.64,0.200,0.139,0.106,-178.225,3.810
9.6595,20.83,TRACKING,-80.554,-80.244,0.486,-3.65,-15.47,-0.539,-0.22290,-0.0430,-0.460,10.350,18.54,0.429,0.292,0.006,-178.351,3.814
9.6844,31.72,TRACKING,-80.453,-80.420,0.209,0.00,-11.95,-0.540,-0.22339,-0.0332,-0.050,9.950,23.38,0.614,0.221,-0.212,-178.432,3.816
9.7144,27.94,TRACKING,-80.409,-80.420,0.011,5.09,0.00,-0.540,-0.22339,0.0000,-0.520,10.175,11.88,0.598,0.120,0.084,-178.644,3.815
9.7371,28.59,TRACKING,-80.626,-80.156,0.206,4.29,12.66,-0.539,-0.22266,0.0352,-0.230,9.925,7.76,0.687,0.120,0.012,-178.804,3.814
9.7636,14.75,TRACKING,-80.826,-79.893,0.670,-12.42,9.84,-0.538,-0.22192,0.0273,-0.190,10.500,6.56,0.737,0.101,0.047,-179.078,3.813
9.7837,21.85,TRACKING,-80.975,-80.068,1.082,-22.23,-23.91,-0.538,-0.22241,-0.0664,-1.370,9.825,24.96,0.929,0.076,-0.035,-179.205,3.811
9.8042,19.79,TRACKING,-81.076,-80.596,1.008,-18.04,-20.39,-0.540,-0.22388,-0.0566,-1.030,9.825,21.64,1.120,-0.030,-0.011,-179.500,3.807
9.8267,22.52,TRACKING,-81.235,-80.947,0.640,-8.64,-14.06,-0.541,-0.22485,-0.0391,-0.810,8.600,24.92,1.260,-0.111,0.210,-179.772,3.802
9.8468,20.39,TRACKING,-81.430,-81.123,0.483,-8.63,-4.92,-0.542,-0.22534,-0.0137,-1.280,8.475,37.92,1.350,-0.148,0.158,179.840,3.794
9.8674,28.96,TRACKING,-81.634,-81.299,0.511,-12.08,-11.25,-0.543,-0.22583,-0.0312,-1.270,8.975,40.04,1.299,-0.108,0.037,179.381,3.787
9.9018,29.16,TRACKING,-81.947,-81.738,0.648,-9.09,-11.95,-0.544,-0.22705,-0.0332,-1.140,10.225,28.52,1.286,-0.058,0.032,178.888,3.783
9.9297,30.00,TRACKING,-82.504,-81.914,0.766,-7.06,-9.84,-0.545,-0.22754,-0.0273,-1.190,10.600,28.62,1.343,-0.032,0.098,178.288,3.779
9.9526,22.89,TRACKING,-82.691,-82.266,0.777,-18.84,-21.80,-0.546,-0.22852,-0.0605,-1.510,10.975,31.86,1.357,-0.052,0.017,177.859,3.774
9.9734,16.77,TRACKING,-82.925,-82.617,0.659,-13.19,-18.98,-0.547,-0.22949,-0.0527,-1.340,11.075,30.06,1.339,-0.045,-0.011,177.468,3.771
9.9936,56.04,TRACKING,-83.076,-83.057,0.458,-12.07,-12.66,-0.549,-0.23071,-0.0352,-1.270,11.250,30.02,1.036,0.013,0.016,177.104,3.773
10.0470,25.19,TRACKING,-83.315,-83.760,0.258,-4.98,-10.55,-0.552,-0.23267,-0.0293,-0.900,11.575,18.62,1.008,0.046,0.037,176.402,3.776
10.0851,40.96,TRACKING,-83.738,-83.936,0.022,0.00,2.81,-0.552,-0.23315,0.0078,-0.660,11.500,16.56,1.029,0.050,0.049,176.013,3.779
10.1188,38.27,TRACKING,-83.902,-83.936,0.033,-5.79,0.00,-0.552,-0.23315,0.0000,-0.540,11.725,17.28,0.964,-0.015,-0.008,175.606,3.781
10.1553,34.78,TRACKING,-84.100,-84.287,0.165,-5.40,-9.14,-0.553,-0.23413,-0.0254,-0.930,11.525,26.36,0.908,-0.026,0.001,175.153,3.782
10.1876,32.93,TRACKING,-84.229,-84.551,0.058,0.00,-7.03,-0.554,-0.23486,-0.0195,-1.090,11.450,29.78,0.884,-0.029,0.021,174.803,3.785
10.2273,41.87,TRACKING,-84.361,-84.551,0.190,0.00,0.00,-0.554,-0.23486,0.0000,-0.540,11.400,15.88,0.815,-0.027,0.021,174.304,3.786
10.2604,15.19,TRACKING,-84.578,-84.551,0.027,0.00,0.00,-0.554,-0.23486,0.0000,-0.530,11.425,19.68,0.780,-0.010,0.034,173.842,3.789
10.2804,24.86,TRACKING,-84.809,-84.551,0.258,-9.34,-4.22,-0.554,-0.23486,-0.0117,-1.660,11.275,27.56,0.609,0.043,0.090,173.681,3.793
10.3009,15.88,TRACKING,-84.888,-84.902,0.338,-11.85,-16.88,-0.556,-0.23584,-0.0469,-0.850,11.300,28.38,0.593,0.055,0.074,173.531,3.797
10.3211,31.61,TRACKING,-84.927,-85.254,0.025,-3.92,-18.28,-0.557,-0.23682,-0.0508,-0.950,11.475,27.70,0.624,0.048,0.048,173.363,3.801
10.3470,15.04,TRACKING,-84.946,-85.430,0.308,2.78,-10.55,-0.558,-0.23730,-0.0293,-0.930,11.400,25.70,0.640,0.032,0.022,173.164,3.802
10.3681,31.65,TRACKING,-84.998,-85.605,0.431,6.42,14.06,-0.558,-0.23779,0.0391,0.240,11.450,-6.48,0.626,0.024,0.004,172.981,3.805
10.3954,22.50,TRACKING,-85.092,-85.166,0.514,7.72,14.77,-0.557,-0.23657,0.0410,-0.270,11.375,9.98,0.622,0.023,0.066,172.702,3.807
10.4310,46.38,TRACKING,-85.270,-84.814,0.104,-3.14,-7.73,-0.555,-0.23560,-0.0215,-0.900,10.700,22.14,0.716,0.016,0.092,172.346,3.811
10.4731,39.77,TRACKING,-85.526,-85.166,0.711,-9.81,-11.25,-0.557,-0.23657,-0.0312,-1.110,10.625,25.10,0.741,-0.006,0.028,171.934,3.812
10.5068,35.78,TRACKING,-85.589,-85.605,0.423,-7.98,-13.36,-0.558,-0.23779,-0.0371,-1.010,10.775,23.48,0.751,-0.018,0.074,171.637,3.816
10.5491,46.02,TRACKING,-85.754,-85.957,0.148,0.00,-7.73,-0.559,-0.23877,-0.0215,-1.160,10.500,28.46,1.010,-0.168,0.100,171.034,3.816
10.5885,34.26,TRACKING,-86.166,-85.957,0.209,0.00,0.00,-0.559,-0.23877,0.0000,-0.540,10.075,19.06,1.053,-0.194,0.132,170.529,3.816
10.6186,15.53,TRACKING,-86.495,-85.957,0.538,-9.45,0.00,-0.559,-0.23877,0.0000,-0.530,9.900,20.20,1.166,-0.185,0.098,169.998,3.817
10.6387,23.93,TRACKING,-86.899,-86.133,0.942,-20.05,-10.55,-0.560,-0.23926,-0.0293,-1.170,10.075,36.52,1.147,-0.181,0.061,169.686,3.816
10.6587,15.03,TRACKING,-87.080,-86.396,0.947,-22.08,-18.98,-0.561,-0.23999,-0.0527,-1.460,10.450,43.78,1.200,-0.176,0.087,169.328,3.816
10.6789,24.69,TRACKING,-87.261,-87.100,0.865,-17.91,-21.80,-0.564,-0.24194,-0.0605,-1.160,10.725,29.10,1.245,-0.181,0.057,168.855,3.815
10.6997,19.07,TRACKING,-87.429,-87.539,0.329,-7.39,-21.09,-0.565,-0.24316,-0.0586,-1.190,10.850,26.16,1.288,-0.184,0.054,168.427,3.815
10.7287,29.20,TRACKING,-87.575,-87.803,0.036,-3.57,-6.33,-0.566,-0.24390,-0.0176,-1.030,10.800,24.66,1.292,-0.203,0.008,167.896,3.816
10.7530,20.76,TRACKING,-87.808,-87.891,0.005,0.00,0.00,-0.566,-0.24414,0.0000,-0.460,10.950,20.66,1.295,-0.225,0.028,167.481,3.816
10.7731,20.42,TRACKING,-87.937,-87.891,0.047,-6.04,-3.52,-0.566,-0.24414,-0.0098,-1.410,10.675,20.92,1.355,-0.248,0.092,167.078,3.816
10.7931,25.06,TRACKING,-88.091,-88.066,0.200,-7.14,-9.84,-0.567,-0.24463,-0.0273,-1.160,10.250,32.72,1.428,-0.293,0.125,166.647,3.816
10.8133,16.38,TRACKING,-88.250,-88.242,0.184,-5.78,-8.44,-0.568,-0.24512,-0.0234,-1.200,10.300,29.22,1.428,-0.308,0.099,166.211,3.816
10.8331,19.05,TRACKING,-88.388,-88.418,0.145,-6.14,-5.62,-0.568,-0.24561,-0.0156,-1.240,10.500,34.72,1.429,-0.298,0.070,165.775,3.816
10.8532,20.63,TRACKING,-88.577,-88.506,0.159,-4.16,-8.44,-0.569,-0.24585,-0.0234,-1.040,10.925,27.82,1.336,-0.248,0.128,165.341,3.818
10.8731,27.56,TRACKING,-88.764,-88.594,0.258,-6.58,-7.03,-0.569,-0.24609,-0.0195,-1.300,11.200,34.26,1.325,-0.224,0.043,164.974,3.819
10.8987,17.10,TRACKING,-88.937,-88.770,0.343,-7.57,-9.84,-0.570,-0.24658,-0.0273,-1.060,11.275,27.02,1.272,-0.214,-0.001,164.444,3.822
10.9236,28.46,TRACKING,-89.088,-89.121,0.318,-7.32,-9.84,-0.571,-0.24756,-0.0273,-1.150,11.375,28.94,1.303,-0.204,0.028,163.986,3.825
10.9504,30.96,TRACKING,-89.294,-89.385,0.173,-3.08,-7.03,-0.572,-0.24829,-0.0195,-0.940,11.225,25.10,0.674,-0.027,0.098,163.636,3.831
10.9740,19.63,TRACKING,-89.467,-89.561,0.082,-3.70,-8.44,-0.572,-0.24878,-0.0234,-0.960,11.650,16.98,0.679,0.004,0.059,163.419,3.836
10.9999,30.40,TRACKING,-89.569,-89.824,0.008,-5.08,-8.44,-0.573,-0.24951,-0.0234,-0.940,11.250,20.14,0.313,-0.000,0.068,163.183,3.840
11.0338,28.53,TRACKING,-89.775,-90.000,0.050,0.00,-4.22,-0.574,-0.25000,-0.0117,-0.250,11.000,17.62,0.272,-0.053,-0.232,163.049,3.840
11.0631,30.00,TRACKING,-89.970,-90.000,0.030,0.00,0.00,-0.574,-0.25000,0.0000,-0.550,10.450,17.30,0.212,-0.114,-0.333,162.975,3.838
11.1105,79.23,TRACKING,-90.258,-90.439,0.258,-3.16,-5.62,-0.576,-0.25122,-0.0156,-0.970,11.325,22.60,0.067,-0.066,-0.070,162.847,3.834
11.1863,61.14,TRACKING,-90.535,-90.791,0.096,-2.34,-7.03,-0.577,-0.25220,-0.0195,-0.930,11.400,24.68,0.005,-0.005,-0.011,162.831,3.833
11.2353,37.29,TRACKING,-90.475,-91.055,0.316,-5.40,-6.33,-0.578,-0.25293,-0.0176,-1.140,11.425,29.54,0.000,-0.000,-0.002,162.841,3.832
11.2641,20.05,TRACKING,-90.478,-91.230,0.577,3.72,-7.03,-0.578,-0.25342,-0.0195,-1.080,11.450,26.76,0.000,-0.000,-0.001,162.831,3.833
11.2842,27.08,TRACKING,-90.437,-91.143,0.794,8.09,11.25,-0.578,-0.25317,0.0312,-0.340,11.450,8.90,0.001,-0.001,-0.004,162.833,3.832
11.3084,20.63,TRACKING,-90.420,-90.791,0.723,8.35,15.47,-0.577,-0.25220,0.0430,-0.240,11.475,9.68,-0.003,0.003,-0.007,162.837,3.832
11.3285,19.98,TRACKING,-90.420,-90.527,0.371,3.22,13.36,-0.576,-0.25146,0.0371,-0.100,11.450,4.80,-0.004,0.004,-0.009,162.839,3.832
11.3489,19.46,TRACKING,-90.431,-90.352,0.096,0.00,8.44,-0.575,-0.25098,0.0234,-0.220,11.475,6.86,-0.004,0.004,-0.006,162.836,3.832
11.3690,20.48,TRACKING,-90.423,-90.264,0.071,-2.30,-1.41,-0.575,-0.25073,-0.0039,-0.480,11.450,10.94,-0.000,0.000,-0.001,162.840,3.832
11.3890,21.28,TRACKING,-90.420,-90.439,0.156,-2.55,-10.55,-0.576,-0.25122,-0.0293,-0.800,11.475,18.94,0.000,0.000,0.000,162.840,3.832
11.4254,33.65,TRACKING,-90.426,-90.615,0.014,0.00,0.00,-0.576,-0.25171,0.0000,-0.610,11.450,15.74,0.000,0.000,0.000,162.836,3.832
11.4473,21.81,TRACKING,-90.426,-90.615,0.190,2.86,0.00,-0.576,-0.25171,0.0000,-0.570,11.475,15.78,0.000,0.000,0.000,162.840,3.832
11.4744,39.47,TRACKING,-90.423,-90.264,0.192,2.41,8.44,-0.575,-0.25073,0.0234,-0.310,9.850,8.10,-0.143,0.074,0.078,162.911,3.833
11.5124,26.97,TRACKING,-90.393,-90.088,0.129,-2.95,-5.62,-0.574,-0.25024,-0.0156,-1.470,11.500,17.38,-0.300,0.029,0.143,163.011,3.832
11.5383,24.63,TRACKING,-90.195,-90.352,0.107,-4.36,-9.84,-0.575,-0.25098,-0.0273,-0.930,11.000,12.90,-0.312,0.028,0.035,163.129,3.831
11.5652,29.20,TRACKING,-90.027,-90.615,0.324,7.90,-8.44,-0.576,-0.25171,-0.0234,-0.940,10.275,21.70,-0.476,0.047,-0.049,163.282,3.829
11.5915,26.47,TRACKING,-90.008,-90.264,0.607,15.45,18.98,-0.575,-0.25073,0.0527,-0.040,10.025,3.00,-0.665,0.123,-0.172,163.564,3.827
11.6186,24.71,TRACKING,-89.961,-89.824,0.302,6.25,18.98,-0.573,-0.24951,0.0527,0.030,10.125,-3.38,-0.676,0.149,-0.123,163.775,3.826
11.6445,25.36,TRACKING,-89.934,-89.473,0.110,0.00,-1.41,-0.572,-0.24854,-0.0039,-0.790,10.525,14.86,-0.508,0.138,-0.023,164.052,3.825
11.6711,31.78,TRACKING,-89.964,-89.736,0.491,-7.28,-12.66,-0.573,-0.24927,-0.0352,-0.950,11.150,16.66,-0.618,0.148,0.016,164.328,3.824
11.7000,24.95,TRACKING,-90.000,-90.000,0.263,-4.30,-9.84,-0.574,-0.25000,-0.0273,-0.930,11.250,22.02,-0.635,0.149,-0.009,164.616,3.823
11.7243,27.25,TRACKING,-89.923,-90.176,0.077,0.00,-9.84,-0.575,-0.25049,-0.0273,-0.910,11.300,19.86,-0.636,0.148,-0.018,164.808,3.823
11.7632,33.78,TRACKING,-89.843,-90.088,0.333,4.66,11.25,-0.574,-0.25024,0.0312,-0.240,9.975,7.72,-0.159,0.083,-0.116,164.979,3.825
11.7951,43.09,TRACKING,-89.700,-89.824,0.387,4.33,9.84,-0.573,-0.24951,0.0273,-0.340,11.575,6.02,-0.068,0.067,-0.038,165.029,3.827
11.8335,29.74,TRACKING,-89.706,-89.385,0.118,3.57,10.55,-0.572,-0.24829,0.0293,-0.400,11.275,8.52,-0.108,0.109,-0.037,165.108,3.830
11.8572,22.08,TRACKING,-89.709,-89.121,0.324,-6.13,8.44,-0.571,-0.24756,0.0234,-1.900,11.350,6.40,-0.085,0.085,-0.009,165.149,3.831
11.8821,25.19,TRACKING,-89.613,-89.561,0.491,-9.52,-16.88,-0.572,-0.24878,-0.0469,-0.940,11.000,15.70,-0.064,0.061,0.014,165.175,3.833
11.9035,21.43,TRACKING,-89.560,-89.824,0.000,2.25,-12.66,-0.573,-0.24951,-0.0352,-1.110,10.200,21.96,-0.107,0.070,0.071,165.199,3.834
11.9261,23.04,TRACKING,-89.541,-89.736,0.283,6.14,9.14,-0.573,-0.24927,0.0254,-0.410,10.000,10.74,-0.255,0.078,0.118,165.276,3.835
11.9438,19.09,TRACKING,-89.494,-89.473,0.242,3.11,14.06,-0.572,-0.24854,0.0391,-0.310,11.250,9.52,-0.404,0.039,0.228,165.412,3.833
11.9636,21.15,TRACKING,-89.401,-89.297,0.072,0.00,7.03,-0.571,-0.24805,0.0195,-0.180,9.700,8.36,-0.556,0.049,0.093,165.554,3.831
11.9851,16.36,TRACKING,-89.365,-89.297,0.068,0.00,0.00,-0.571,-0.24805,0.0000,-0.570,9.900,7.92,-0.770,0.099,-0.079,165.724,3.830
12.0053,31.20,TRACKING,-89.387,-89.297,0.090,4.91,-2.11,-0.571,-0.24805,-0.0059,-0.320,9.800,14.54,-0.847,0.141,-0.195,165.914,3.829
12.0336,28.03,TRACKING,-89.398,-88.945,0.101,2.91,9.84,-0.570,-0.24707,0.0273,-0.220,9.925,8.06,-0.590,0.134,-0.148,166.250,3.829
12.0645,40.51,TRACKING,-89.522,-88.770,0.577,-5.57,-14.06,-0.570,-0.24658,-0.0391,-0.770,9.725,19.84,-0.913,0.221,-0.007,166.734,3.829
12.1058,29.36,TRACKING,-89.549,-89.209,0.780,-13.16,-17.58,-0.571,-0.24780,-0.0488,-1.210,9.450,21.90,-0.944,0.230,-0.040,167.058,3.829
12.1303,27.36,TRACKING,-89.574,-89.736,0.365,-6.82,-18.28,-0.573,-0.24927,-0.0508,-0.630,9.125,18.48,-1.192,0.307,-0.019,167.591,3.830
12.1609,22.48,TRACKING,-89.516,-90.088,0.220,0.00,-14.06,-0.574,-0.25024,-0.0391,-0.920,9.100,22.76,-1.262,0.259,-0.043,168.128,3.831
12.1811,29.01,TRACKING,-89.429,-90.176,0.659,8.75,0.00,-0.575,-0.25049,0.0000,-0.560,9.950,12.74,-1.228,0.209,-0.024,168.498,3.830
12.2087,21.18,TRACKING,-89.374,-90.000,0.802,11.27,15.47,-0.574,-0.25000,0.0430,-0.240,10.200,6.78,-1.238,0.179,-0.004,168.854,3.829
12.2448,45.78,TRACKING,-89.247,-89.297,0.753,8.64,13.36,-0.571,-0.24805,0.0371,-0.220,9.675,9.18,-1.363,0.142,-0.074,169.656,3.825
12.2827,40.16,TRACKING,-88.951,-88.770,0.346,0.00,11.25,-0.570,-0.24658,0.0312,-1.150,10.325,6.38,-1.428,0.129,0.024,170.495,3.822
12.3215,50.99,TRACKING,-88.635,-88.857,0.135,0.00,-2.81,-0.570,-0.24683,-0.0078,-0.480,9.625,11.44,-1.672,0.192,-0.028,171.442,3.821
12.3729,39.10,TRACKING,-88.432,-88.945,0.426,7.20,10.55,-0.570,-0.24707,0.0293,0.270,10.350,-4.50,-1.690,0.223,0.016,172.646,3.823
12.4075,32.65,TRACKING,-88.201,-88.682,0.745,11.86,12.66,-0.569,-0.24634,0.0352,-0.140,10.075,4.14,-1.673,0.256,-0.041,173.198,3.829
12.4356,30.38,TRACKING,-88.088,-88.242,0.593,10.89,18.28,-0.568,-0.24512,0.0508,-0.170,11.050,3.42,-1.363,0.119,-0.002,173.619,3.831
12.4830,49.66,TRACKING,-87.800,-87.451,0.442,5.28,13.36,-0.565,-0.24292,0.0371,-0.290,11.575,10.86,-0.906,-0.069,0.110,174.232,3.827
12.5202,34.43,TRACKING,-87.152,-87.012,0.300,0.00,0.70,-0.563,-0.24170,0.0020,-0.840,11.450,17.52,-0.714,-0.091,0.044,174.724,3.821
12.5499,13.60,TRACKING,-86.825,-87.012,0.187,8.32,0.00,-0.563,-0.24170,0.0000,-0.560,10.325,13.32,-0.492,-0.121,0.252,174.975,3.817
12.5699,22.37,TRACKING,-86.762,-86.836,0.250,21.20,19.69,-0.563,-0.24121,0.0547,0.900,10.450,-0.26,-0.408,-0.250,0.150,175.078,3.812
12.5902,34.08,TRACKING,-86.490,-86.396,0.346,9.39,24.61,-0.561,-0.23999,0.0684,-0.670,11.675,7.02,-0.291,-0.272,0.107,175.173,3.806
12.6279,28.86,TRACKING,-86.328,-85.869,0.069,9.12,16.17,-0.559,-0.23853,0.0449,-0.160,10.725,5.96,-0.312,-0.217,-0.131,175.226,3.800
12.6496,17.07,TRACKING,-86.221,-85.693,0.351,2.26,14.06,-0.558,-0.23804,0.0391,-0.130,11.175,4.64,-0.299,-0.140,-0.041,175.326,3.797
12.6708,18.10,TRACKING,-86.270,-85.342,0.577,2.25,8.44,-0.557,-0.23706,0.0234,-0.270,10.925,7.08,-0.203,-0.078,-0.069,175.407,3.794
12.6968,37.71,TRACKING,-86.407,-85.254,1.065,-12.40,-15.47,-0.557,-0.23682,-0.0430,-1.960,11.300,26.60,-0.163,-0.055,-0.042,175.351,3.795
12.7286,28.53,TRACKING,-86.476,-85.781,1.222,-16.48,-15.47,-0.559,-0.23828,-0.0430,-1.070,11.400,22.14,-0.187,-0.074,-0.027,175.374,3.794
12.7632,27.45,TRACKING,-86.479,-86.484,0.697,-9.70,-11.25,-0.561,-0.24023,-0.0312,-1.090,11.350,20.94,-0.063,-0.026,-0.064,175.455,3.792
12.7865,26.66,TRACKING,-86.311,-86.748,0.173,0.00,-13.36,-0.562,-0.24097,-0.0371,-1.080,11.400,27.66,-0.110,-0.044,-0.025,175.475,3.791
12.8248,37.90,TRACKING,-86.262,-86.484,0.486,9.03,15.47,-0.561,-0.24023,0.0430,-0.230,11.400,7.18,-0.069,-0.028,-0.009,175.460,3.790
12.8484,21.85,TRACKING,-86.234,-86.221,0.250,2.94,12.66,-0.560,-0.23950,0.0352,-0.110,11.450,5.12,-0.056,-0.023,-0.008,175.473,3.790
12.8698,23.48,TRACKING,-86.229,-85.957,0.008,0.00,0.00,-0.559,-0.23877,0.0000,-0.730,11.250,14.16,-0.069,-0.033,0.023,175.487,3.789
12.9090,43.00,TRACKING,-86.215,-86.045,0.258,-4.37,-9.14,-0.560,-0.23901,-0.0254,-0.900,11.450,17.18,-0.022,-0.012,0.005,175.446,3.788
12.9457,34.99,TRACKING,-86.127,-86.396,0.082,0.00,0.00,-0.561,-0.23999,0.0000,-0.570,11.050,13.00,-0.066,-0.035,-0.014,175.383,3.788
12.9714,23.76,TRACKING,-86.168,-86.396,0.228,6.16,-1.41,-0.561,-0.23999,-0.0039,-0.530,11.450,17.06,-0.011,-0.005,-0.013,175.333,3.788
12.9948,22.83,TRACKING,-86.264,-86.221,0.132,2.89,9.14,-0.560,-0.23950,0.0254,-0.050,11.425,8.34,-0.009,-0.004,0.027,175.275,3.789
13.0157,23.69,TRACKING,-86.328,-86.045,0.107,-3.65,-11.25,-0.560,-0.23901,-0.0312,-1.110,11.425,20.74,0.020,0.008,-0.037,175.273,3.789
13.0384,19.07,TRACKING,-86.306,-86.133,0.261,-7.06,-10.55,-0.560,-0.23926,-0.0293,-0.900,11.425,17.88,-0.009,-0.004,0.019,175.223,3.789
13.0585,30.83,TRACKING,-86.284,-86.396,0.151,0.00,-15.47,-0.561,-0.23999,-0.0430,-0.760,10.800,18.64,0.057,0.020,-0.066,175.167,3.790
13.0974,31.53,TRACKING,-86.278,-86.484,0.118,2.01,7.73,-0.561,-0.24023,0.0215,-0.330,10.650,8.42,0.211,-0.039,-0.140,175.023,3.789
13.1301,27.47,TRACKING,-86.520,-86.309,0.036,3.42,8.44,-0.561,-0.23975,0.0234,-0.290,11.500,7.34,0.415,-0.197,-0.192,174.888,3.786
13.1528,35.28,TRACKING,-87.003,-86.133,0.695,-8.13,-16.88,-0.560,-0.23926,-0.0469,-1.070,9.950,25.26,0.333,-0.121,0.101,174.797,3.784
13.1815,15.10,TRACKING,-87.278,-86.484,1.145,-22.11,-7.03,-0.561,-0.24023,-0.0195,-1.260,9.750,30.40,0.581,-0.198,-0.029,174.559,3.779
13.2017,23.63,TRACKING,-87.410,-86.748,0.925,-25.18,-23.20,-0.562,-0.24097,-0.0645,-1.670,9.675,41.56,0.564,-0.180,0.018,174.381,3.776
13.2247,40.36,TRACKING,-87.489,-87.188,0.741,-16.53,-23.91,-0.564,-0.24219,-0.0664,-0.990,9.075,34.90,0.628,-0.122,0.140,174.191,3.775
13.2792,50.73,TRACKING,-87.624,-88.154,0.437,-8.62,-9.84,-0.567,-0.24487,-0.0273,-1.130,9.900,31.44,0.970,-0.081,0.003,173.416,3.773
13.3221,28.55,TRACKING,-87.800,-88.506,0.354,4.28,9.14,-0.569,-0.24585,0.0254,0.050,10.000,-14.26,1.137,-0.113,0.068,172.795,3.773
13.3599,36.64,TRACKING,-88.006,-87.979,0.500,7.05,14.06,-0.567,-0.24438,0.0391,-0.290,9.475,10.20,1.282,-0.116,0.146,172.078,3.774
13.3807,20.61,TRACKING,-88.198,-87.715,0.220,-6.37,14.06,-0.566,-0.24365,0.0391,-2.180,10.125,5.24,1.318,-0.076,0.044,171.677,3.775
13.4009,19.68,TRACKING,-88.352,-87.891,0.637,-14.13,-14.77,-0.566,-0.24414,-0.0410,-0.760,8.700,22.30,1.515,-0.152,-0.006,171.238,3.775
13.4211,21.93,TRACKING,-88.440,-88.242,0.549,-10.12,-18.98,-0.568,-0.24512,-0.0527,-1.130,7.975,28.70,1.684,-0.235,0.159,170.783,3.777
13.4453,22.95,TRACKING,-88.613,-88.506,0.371,-4.53,-7.73,-0.569,-0.24585,-0.0215,-1.380,8.250,33.00,1.785,-0.284,0.031,170.242,3.776
13.4673,21.70,TRACKING,-88.794,-88.594,0.288,-6.55,-2.81,-0.569,-0.24609,-0.0078,-1.280,8.400,38.96,1.833,-0.335,0.130,169.755,3.776
13.4880,31.03,TRACKING,-89.036,-88.594,0.442,-7.22,-3.52,-0.569,-0.24609,-0.0098,-1.340,10.100,44.24,1.709,-0.329,0.067,169.228,3.776
13.5148,17.23,TRACKING,-89.297,-88.945,0.703,-12.04,-12.66,-0.570,-0.24707,-0.0352,-1.020,10.725,29.06,1.317,-0.150,0.006,168.616,3.781
13.5349,23.34,TRACKING,-89.656,-89.209,0.711,-11.66,-18.28,-0.571,-0.24780,-0.0508,-0.960,11.000,22.84,1.199,-0.058,0.159,168.252,3.784
13.5571,19.74,TRACKING,-89.912,-89.561,0.703,-15.66,-20.39,-0.572,-0.24878,-0.0566,-0.950,11.700,17.20,1.317,0.008,0.137,167.950,3.792
13.5776,19.92,TRACKING,-90.110,-90.000,0.549,-14.89,-16.17,-0.574,-0.25000,-0.0449,-1.240,10.400,25.18,1.724,-0.035,-0.157,167.328,3.800
13.5977,21.46,TRACKING,-90.335,-90.264,0.335,-8.14,-23.20,-0.575,-0.25073,-0.0645,-0.960,10.400,22.06,1.653,-0.143,-0.006,166.992,3.803
13.6177,17.40,TRACKING,-90.406,-90.527,0.143,-6.53,-12.66,-0.576,-0.25146,-0.0352,-1.030,10.525,23.52,1.712,-0.226,0.020,166.475,3.807
13.6378,25.28,TRACKING,-90.549,-90.703,0.022,-4.18,-7.03,-0.577,-0.25195,-0.0195,-1.050,9.825,32.14,1.528,-0.174,0.111,165.907,3.812
13.6733,38.12,TRACKING,-90.799,-90.879,0.096,-3.87,-9.84,-0.577,-0.25244,-0.0273,-0.970,10.175,29.74,1.721,-0.088,0.115,165.105,3.824
13.7134,38.01,TRACKING,-91.035,-91.230,0.156,-5.13,-6.33,-0.578,-0.25342,-0.0176,-1.170,10.275,28.32,1.753,-0.154,0.003,164.173,3.836
13.7482,37.43,TRACKING,-91.307,-91.406,0.077,0.00,4.22,-0.579,-0.25391,0.0117,-0.720,10.375,15.86,1.710,-0.212,0.070,163.216,3.848
13.7788,21.09,TRACKING,-91.532,-91.406,0.126,-2.69,-2.81,-0.579,-0.25391,-0.0078,-0.470,10.300,19.60,1.730,-0.221,0.098,162.520,3.858
13.7991,24.67,TRACKING,-91.785,-91.670,0.379,-9.37,-12.66,-0.580,-0.25464,-0.0352,-1.300,10.550,26.70,1.770,-0.229,0.049,161.882,3.867
13.8498,58.93,TRACKING,-91.936,-92.109,0.266,-8.55,-12.66,-0.582,-0.25586,-0.0352,-1.150,10.650,30.90,1.785,-0.297,0.067,160.665,3.883
13.8807,21.41,TRACKING,-92.543,-92.549,0.434,0.00,-7.73,-0.583,-0.25708,-0.0215,-1.250,10.625,28.52,1.788,-0.305,0.061,159.842,3.896
13.9047,22.46,TRACKING,-92.862,-92.549,0.313,-14.07,0.00,-0.583,-0.25708,0.0000,-0.600,10.100,17.18,1.863,-0.371,0.040,159.287,3.904
13.9265,25.21,TRACKING,-93.073,-92.725,0.524,-17.50,-17.58,-0.584,-0.25757,-0.0488,-1.220,9.650,35.66,1.902,-0.449,0.110,158.716,3.911
13.9504,25.45,TRACKING,-93.304,-93.252,0.579,-13.54,-15.47,-0.586,-0.25903,-0.0430,-1.240,9.800,30.54,1.977,-0.523,0.081,157.872,3.922
13.9799,33.91,TRACKING,-93.702,-93.691,0.450,-7.69,-8.44,-0.587,-0.26025,-0.0234,-1.150,9.825,27.20,1.990,-0.624,0.069,156.991,3.932
14.0073,15.95,TRACKING,-94.139,-93.867,0.448,-7.88,-9.84,-0.588,-0.26074,-0.0273,-1.160,10.075,32.04,1.966,-0.665,0.100,156.397,3.938
14.0289,30.01,TRACKING,-94.433,-94.131,0.566,-19.87,-11.25,-0.589,-0.26147,-0.0312,-1.020,9.900,27.76,2.072,-0.743,0.070,155.481,3.948
14.0527,17.03,TRACKING,-94.845,-94.570,0.714,-14.98,-16.88,-0.590,-0.26270,-0.0469,-1.660,9.825,41.22,2.062,-0.770,0.068,154.862,3.954
14.0728,23.00,TRACKING,-95.125,-94.922,0.555,-18.03,-16.88,-0.592,-0.26367,-0.0469,-1.320,9.950,31.46,2.076,-0.766,0.114,154.230,3.962
14.0954,19.76,TRACKING,-95.413,-95.361,0.491,-14.10,-20.39,-0.593,-0.26489,-0.0566,-1.310,10.300,25.70,2.089,-0.742,0.050,153.569,3.972
14.1155,22.39,TRACKING,-95.715,-95.713,0.354,-11.52,-16.17,-0.595,-0.26587,-0.0449,-1.320,10.625,29.94,2.073,-0.713,0.106,153.013,3.981
14.1463,27.31,TRACKING,-95.993,-96.152,0.280,-9.93,-13.36,-0.596,-0.26709,-0.0371,-1.100,10.825,27.98,2.067,-0.706,0.106,152.114,3.997
14.1665,33.61,TRACKING,-96.336,-96.416,0.184,-6.45,-13.36,-0.597,-0.26782,-0.0371,-0.930,10.575,24.22,2.110,-0.741,0.097,151.501,4.009
14.2084,36.92,TRACKING,-96.534,-96.768,0.118,-7.04,-9.84,-0.598,-0.26880,-0.0273,-1.120,10.350,32.00,2.160,-0.795,0.048,149.968,4.038
14.2329,21.67,TRACKING,-96.995,-96.943,0.228,0.00,-11.25,-0.599,-0.26929,-0.0312,-1.040,10.325,27.58,2.146,-0.781,0.055,149.339,4.053
14.2569,23.73,TRACKING,-97.124,-96.943,0.181,-12.42,4.22,-0.599,-0.26929,0.0117,-0.670,10.150,18.60,2.175,-0.839,0.044,148.652,4.069
14.2823,23.73,TRACKING,-97.254,-97.295,0.310,-9.97,-11.25,-0.600,-0.27026,-0.0312,-1.130,10.400,29.70,2.187,-0.900,0.057,147.712,4.090
14.3035,23.24,TRACKING,-97.490,-97.471,0.195,-3.77,-12.66,-0.601,-0.27075,-0.0352,-0.760,10.050,28.44,2.203,-0.907,0.109,147.085,4.103
14.3300,27.21,TRACKING,-97.688,-97.734,0.217,-7.06,-7.03,-0.602,-0.27148,-0.0195,-1.020,10.725,27.20,2.069,-0.855,0.085,146.188,4.125
14.3552,21.63,TRACKING,-97.948,-97.910,0.214,-5.17,-7.73,-0.602,-0.27197,-0.0215,-1.190,10.950,29.14,2.130,-0.865,0.047,145.600,4.140
14.3768,21.52,TRACKING,-98.083,-98.086,0.173,-7.83,-6.33,-0.603,-0.27246,-0.0176,-1.200,11.025,28.58,2.138,-0.851,0.055,144.991,4.157
14.4000,32.87,TRACKING,-98.212,-98.438,0.126,-4.89,-9.14,-0.604,-0.27344,-0.0254,-0.980,10.975,22.90,2.155,-0.827,0.039,144.147,4.181
14.4313,20.57,TRACKING,-98.355,-98.613,0.083,0.00,-4.22,-0.605,-0.27393,-0.0117,-0.290,11.025,21.34,2.161,-0.822,0.042,143.273,4.210
14.4639,38.40,TRACKING,-98.468,-98.613,0.146,0.00,0.00,-0.605,-0.27393,0.0000,-0.590,11.075,20.50,2.139,-0.793,0.088,142.440,4.239
14.4862,21.78,TRACKING,-98.564,-98.613,0.050,0.00,0.00,-0.605,-0.27393,0.0000,-0.590,10.900,22.18,2.140,-0.799,0.059,141.909,4.258
14.5209,37.62,TRACKING,-98.726,-98.613,0.112,-2.93,-9.84,-0.605,-0.27393,-0.0273,-0.970,10.725,32.44,2.112,-0.734,0.057,140.832,4.302
14.5489,26.62,TRACKING,-98.932,-98.965,0.318,-4.29,-13.36,-0.606,-0.27490,-0.0371,-0.830,10.900,28.24,1.930,-0.625,0.047,140.062,4.337
14.5758,22.46,TRACKING,-99.088,-99.229,0.123,-2.91,-11.95,-0.607,-0.27563,-0.0332,-0.820,11.200,24.16,1.901,-0.551,0.001,139.640,4.357
14.5987,20.59,TRACKING,-99.162,-99.404,0.066,0.00,-11.25,-0.608,-0.27612,-0.0312,-0.860,11.825,25.64,1.399,-0.388,0.099,139.240,4.377
14.6187,21.48,TRACKING,-99.226,-99.492,0.179,0.00,-0.70,-0.608,-0.27637,-0.0020,-0.680,11.900,18.88,0.982,-0.305,-0.055,138.909,4.395
14.6391,25.93,TRACKING,-99.264,-99.492,0.228,0.00,0.00,-0.608,-0.27637,0.0000,-0.580,11.450,16.42,0.533,-0.185,-0.019,138.691,4.405
14.6656,18.61,TRACKING,-99.250,-99.580,0.242,2.26,-1.41,-0.608,-0.27661,-0.0039,-0.570,11.550,17.98,0.573,-0.199,-0.129,138.569,4.410
14.6857,22.96,TRACKING,-99.187,-99.492,0.393,4.16,4.22,-0.608,-0.27637,0.0117,-0.040,11.625,11.16,0.574,-0.197,-0.403,138.432,4.417
14.7070,21.59,TRACKING,-99.102,-99.316,0.390,4.97,9.14,-0.608,-0.27588,0.0254,-0.240,11.675,10.30,0.568,-0.198,-0.223,138.303,4.423
14.7286,20.70,TRACKING,-99.058,-99.141,0.258,4.48,9.84,-0.607,-0.27539,0.0273,-0.250,11.575,7.16,0.452,-0.157,-0.185,138.192,4.428
14.7531,40.85,TRACKING,-98.987,-98.877,0.154,-2.42,4.92,-0.606,-0.27466,0.0137,-1.590,11.400,8.20,0.304,-0.106,-0.130,138.061,4.435
14.7990,27.92,TRACKING,-98.794,-99.316,0.083,-4.98,-10.55,-0.608,-0.27588,-0.0293,-0.950,11.175,21.34,0.247,-0.085,-0.095,137.938,4.439
14.8232,30.35,TRACKING,-98.635,-99.404,0.681,8.34,17.58,-0.608,-0.27612,0.0488,-0.370,10.825,3.08,0.172,-0.062,-0.063,137.862,4.445
14.8496,27.01,TRACKING,-98.454,-99.053,0.950,11.23,15.47,-0.607,-0.27515,0.0430,-0.110,10.150,5.82,0.110,-0.070,-0.122,137.813,4.446
14.8964,48.30,TRACKING,-98.352,-98.438,0.701,9.13,11.95,-0.604,-0.27344,0.0332,-0.140,11.175,4.12,-0.023,0.029,-0.007,137.767,4.446
14.9315,34.37,TRACKING,-98.330,-98.086,0.107,0.00,-0.70,-0.603,-0.27246,-0.0020,-0.560,10.475,14.06,-0.115,0.097,-0.014,137.455,4.460
14.9683,36.97,TRACKING,-98.248,-98.086,0.162,-4.82,-2.81,-0.603,-0.27246,-0.0078,-0.520,11.000,15.98,-0.215,0.147,0.142,137.522,4.457
15.0061,36.97,TRACKING,-98.179,-98.525,0.093,0.00,-2.11,-0.605,-0.27368,-0.0059,-0.420,10.775,8.90,-0.265,0.165,0.018,137.609,4.456
15.0484,42.37,TRACKING,-98.105,-98.438,0.420,6.13,9.84,-0.604,-0.27344,0.0273,-0.170,10.600,6.32,-0.347,0.182,-0.024,137.820,4.449
15.0816,29.33,TRACKING,-98.012,-97.998,0.426,7.12,11.95,-0.603,-0.27222,0.0332,-0.170,10.775,7.48,-0.384,0.217,-0.032,137.440,4.473
15.1096,30.96,TRACKING,-98.001,-97.734,0.003,0.00,-0.70,-0.602,-0.27148,-0.0020,-0.540,10.100,9.90,-0.651,0.360,0.026,137.623,4.467
15.1404,22.93,TRACKING,-98.003,-97.822,0.269,-2.77,-11.25,-0.602,-0.27173,-0.0312,-0.700,10.600,21.46,-0.678,0.329,0.001,137.857,4.458
15.1605,35.45,TRACKING,-98.020,-98.086,0.198,0.00,-2.11,-0.603,-0.27246,-0.0059,-0.470,10.100,10.08,-0.809,0.387,-0.001,138.029,4.452
15.1894,24.80,TRACKING,-97.965,-98.086,0.121,0.00,-2.11,-0.603,-0.27246,-0.0059,-0.580,9.600,16.26,-0.944,0.454,-0.026,138.384,4.440
15.2176,20.94,TRACKING,-97.976,-98.086,0.110,2.88,-1.41,-0.603,-0.27246,-0.0039,-0.520,9.900,18.14,-0.984,0.501,-0.091,138.633,4.433
15.2446,25.56,TRACKING,-97.970,-97.998,0.116,0.00,6.33,-0.603,-0.27222,0.0176,-0.240,10.250,12.68,-0.962,0.490,0.012,138.507,4.446
15.2685,30.31,TRACKING,-98.086,-97.998,0.088,0.00,-2.11,-0.603,-0.27222,-0.0059,-0.590,9.950,20.82,-1.002,0.484,0.026,138.784,4.436
15.3031,26.62,TRACKING,-98.209,-98.174,0.211,-4.34,-16.17,-0.603,-0.27271,-0.0449,-0.800,10.375,28.84,-1.070,0.509,-0.009,139.303,4.420
15.3233,27.34,TRACKING,-98.168,-98.438,0.006,-3.59,-11.95,-0.604,-0.27344,-0.0332,-0.730,10.600,21.50,-1.080,0.504,0.009,139.592,4.410
15.3574,29.29,TRACKING,-98.160,-98.789,0.278,4.01,-8.44,-0.606,-0.27441,-0.0234,0.660,10.625,-25.14,-1.153,0.472,-0.022,140.032,4.393
15.3823,31.16,TRACKING,-98.094,-98.525,0.695,9.06,6.33,-0.605,-0.27368,0.0176,-0.080,10.675,6.96,-1.200,0.470,-0.024,140.481,4.376
15.4160,33.28,TRACKING,-97.987,-98.086,0.538,5.92,16.17,-0.603,-0.27246,0.0449,-0.190,10.575,7.32,-1.262,0.482,-0.035,140.950,4.359
15.4506,27.84,TRACKING,-97.905,-97.734,0.181,0.00,-2.11,-0.602,-0.27148,-0.0059,-0.620,10.550,13.60,-1.342,0.465,-0.014,141.041,4.356
15.4878,61.77,TRACKING,-97.806,-97.822,0.071,0.00,-3.52,-0.602,-0.27173,-0.0098,-0.450,9.275,15.34,-1.495,0.468,-0.064,141.556,4.335
15.5390,48.27,TRACKING,-97.682,-97.910,0.140,0.00,0.00,-0.602,-0.27197,0.0000,-0.590,10.000,19.96,-1.600,0.493,-0.076,142.546,4.295
15.5831,23.32,TRACKING,-97.520,-97.998,0.390,5.16,-2.11,-0.603,-0.27222,-0.0059,-0.490,9.450,18.64,-1.722,0.541,0.025,143.544,4.257
15.6039,18.18,TRACKING,-97.347,-97.910,0.651,10.53,1.41,-0.602,-0.27197,0.0039,-0.040,9.825,9.50,-1.759,0.528,0.005,143.968,4.241
15.6239,21.52,TRACKING,-97.300,-97.734,0.610,12.25,11.95,-0.602,-0.27148,0.0332,0.070,9.575,-1.82,-1.929,0.561,-0.115,144.019,4.236
15.6464,21.85,TRACKING,-97.273,-97.471,0.462,8.54,15.47,-0.601,-0.27075,0.0430,-0.060,8.050,7.58,-2.063,0.603,-0.199,144.528,4.216
15.6665,19.66,TRACKING,-97.265,-97.207,0.206,4.33,11.25,-0.600,-0.27002,0.0312,-0.120,8.050,5.48,-2.163,0.625,-0.039,145.048,4.198
15.6867,19.26,TRACKING,-97.174,-96.943,0.033,0.00,8.44,-0.599,-0.26929,0.0234,-0.280,8.325,7.56,-2.182,0.614,-0.011,145.588,4.178
15.7067,34.13,TRACKING,-97.078,-96.943,0.134,-4.17,-6.33,-0.599,-0.26929,-0.0176,-1.330,8.425,18.38,-2.240,0.594,0.025,146.149,4.158
15.7334,13.91,TRACKING,-96.993,-97.295,0.049,0.00,-10.55,-0.600,-0.27026,-0.0293,-0.910,8.600,19.76,-2.317,0.588,-0.043,147.038,4.127
15.7536,33.30,TRACKING,-96.877,-97.383,0.418,9.67,-0.70,-0.601,-0.27051,-0.0020,-0.550,8.975,11.48,-2.328,0.574,-0.075,147.607,4.108
15.7828,22.67,TRACKING,-96.776,-97.031,0.607,10.50,14.77,-0.599,-0.26953,0.0410,-0.170,9.025,7.80,-2.407,0.574,-0.073,148.557,4.075
15.8074,17.27,TRACKING,-96.638,-96.768,0.393,5.49,13.36,-0.598,-0.26880,0.0371,-0.070,8.725,4.54,-2.452,0.570,-0.023,149.184,4.055
15.8277,20.85,TRACKING,-96.504,-96.504,0.264,5.21,9.14,-0.597,-0.26807,0.0254,-0.200,9.450,5.88,-2.456,0.583,-0.042,149.834,4.035
15.8668,45.45,TRACKING,-96.375,-96.152,0.129,3.32,9.14,-0.596,-0.26709,0.0254,-0.290,9.650,5.88,-2.474,0.626,-0.013,151.163,3.998
15.8968,26.82,TRACKING,-96.152,-95.977,0.000,0.00,-3.52,-0.596,-0.26660,-0.0098,-0.450,10.100,9.90,-2.467,0.618,-0.039,152.520,3.964
15.9231,23.15,TRACKING,-95.878,-95.977,0.099,2.38,-2.11,-0.596,-0.26660,-0.0059,-0.430,10.125,12.76,-2.499,0.622,-0.020,153.223,3.947
15.9439,23.67,TRACKING,-95.781,-95.977,0.195,9.74,4.92,-0.596,-0.26660,0.0137,-0.130,10.100,4.88,-2.531,0.619,-0.016,153.948,3.930
15.9685,27.97,TRACKING,-95.672,-95.537,0.305,7.83,11.95,-0.594,-0.26538,0.0332,-0.170,9.775,5.42,-2.620,0.614,0.011,155.094,3.905
16.0006,26.04,TRACKING,-95.452,-95.186,0.085,0.00,2.81,-0.593,-0.26440,0.0078,-0.910,10.125,13.58,-2.633,0.604,-0.015,156.148,3.885
16.0238,25.26,TRACKING,-95.213,-95.186,0.027,0.00,-0.70,-0.593,-0.26440,-0.0020,-0.570,9.950,11.78,-2.617,0.596,-0.036,156.967,3.868
16.0500,31.09,TRACKING,-95.054,-95.186,0.132,7.46,11.95,-0.593,-0.26440,0.0332,-0.280,9.625,7.68,-2.719,0.600,-0.023,158.158,3.847
16.0894,42.70,TRACKING,-94.762,-94.746,0.423,7.78,13.36,-0.591,-0.26318,0.0371,-0.210,9.800,4.78,-2.713,0.589,-0.016,159.727,3.823
16.1230,24.75,TRACKING,-94.375,-94.395,0.371,4.69,7.73,-0.590,-0.26221,0.0215,-0.100,10.150,3.48,-2.777,0.615,-0.020,160.998,3.806
16.1471,23.32,TRACKING,-94.098,-94.219,0.297,9.42,8.44,-0.589,-0.26172,0.0234,-0.150,10.200,7.02,-2.788,0.608,-0.055,161.857,3.795
16.1703,26.40,TRACKING,-93.911,-93.867,0.308,11.44,14.06,-0.588,-0.26074,0.0391,0.000,9.700,-2.20,-2.834,0.639,-0.055,163.112,3.783
16.2061,31.52,TRACKING,-93.650,-93.428,0.217,6.47,11.95,-0.586,-0.25952,0.0332,-0.280,10.225,6.32,-2.799,0.658,-0.015,164.437,3.774
16.2269,22.65,TRACKING,-93.356,-93.252,0.072,3.35,10.55,-0.586,-0.25903,0.0293,-0.090,10.325,2.68,-2.842,0.668,-0.048,165.314,3.768
16.2474,18.72,TRACKING,-93.219,-93.076,0.033,7.36,9.84,-0.585,-0.25854,0.0273,-0.260,10.075,7.46,-2.857,0.679,0.011,166.206,3.764
16.2676,26.67,TRACKING,-93.057,-92.900,0.019,5.15,8.44,-0.584,-0.25806,0.0234,-0.020,9.500,2.32,-2.917,0.695,-0.034,167.121,3.761
16.2912,17.73,TRACKING,-92.875,-92.549,0.025,3.38,6.33,-0.583,-0.25708,0.0176,-0.160,9.800,5.84,-2.954,0.694,-0.029,168.490,3.759
16.3150,28.27,TRACKING,-92.562,-92.461,0.014,2.17,7.73,-0.583,-0.25684,0.0215,-0.360,9.950,5.02,-2.940,0.689,-0.125,169.383,3.759
16.3445,41.44,TRACKING,-92.334,-92.197,0.127,7.51,7.03,-0.582,-0.25610,0.0195,-0.100,10.800,4.30,-2.900,0.691,-0.067,170.767,3.760
16.4303,95.96,TRACKING,-92.013,-91.230,0.184,4.60,5.62,-0.578,-0.25342,0.0156,-0.120,12.575,3.90,-1.928,0.444,-0.013,173.637,3.776
16.4809,44.69,TRACKING,-90.719,-90.791,0.511,-7.69,8.44,-0.577,-0.25220,0.0234,-2.030,12.400,10.92,-1.845,0.420,-0.039,174.999,3.788
16.5219,44.11,TRACKING,-90.189,-91.143,0.602,15.83,-9.14,-0.578,-0.25317,-0.0254,-1.160,12.250,26.72,-1.276,0.313,-0.026,175.732,3.796
16.5635,33.13,TRACKING,-89.673,-90.439,1.470,25.97,21.80,-0.576,-0.25122,0.0605,-0.040,11.650,2.32,-0.389,0.101,0.072,176.162,3.799
16.6053,43.80,TRACKING,-89.135,-89.385,1.305,21.36,26.02,-0.572,-0.24829,0.0723,-0.010,10.300,7.20,-0.170,0.116,-0.058,176.420,3.806
16.6627,55.54,TRACKING,-88.915,-87.979,0.470,12.60,16.17,-0.567,-0.24438,0.0449,-0.070,11.050,3.72,-0.120,0.130,-0.074,176.646,3.806
16.6987,23.30,TRACKING,-87.901,-87.451,0.077,-6.09,-11.25,-0.565,-0.24292,-0.0312,-0.910,11.200,20.34,-0.133,0.134,-0.116,176.903,3.812
16.7190,21.59,TRACKING,-87.426,-87.715,0.025,18.32,-9.84,-0.566,-0.24365,-0.0273,-1.010,11.300,21.34,-0.103,0.104,-0.033,176.905,3.813
16.7427,18.29,TRACKING,-87.185,-87.451,0.530,27.01,23.20,-0.565,-0.24292,0.0645,0.920,11.325,-6.22,-0.078,0.077,-0.036,177.128,3.814
16.7628,24.15,TRACKING,-87.039,-87.012,0.412,17.36,16.88,-0.563,-0.24170,0.0469,0.220,11.150,-4.24,-0.043,0.041,-0.011,177.355,3.813
16.7827,20.46,TRACKING,-86.992,-86.572,0.019,7.68,21.09,-0.562,-0.24048,0.0586,0.010,10.150,-3.74,-0.089,0.065,0.070,177.371,3.815
16.8046,24.49,TRACKING,-87.034,-86.221,0.461,-2.26,11.25,-0.560,-0.23950,0.0312,-0.080,10.325,7.12,-0.051,0.022,0.117,177.564,3.814
16.8284,20.79,TRACKING,-87.064,-86.221,0.843,-10.78,-6.33,-0.560,-0.23950,-0.0176,-0.830,11.225,16.36,0.039,-0.009,0.115,177.559,3.814
16.8505,29.79,TRACKING,-87.031,-86.660,0.810,-10.53,-18.28,-0.562,-0.24072,-0.0508,-1.000,11.275,20.44,0.125,-0.020,0.046,177.530,3.814
16.8888,37.17,TRACKING,-86.973,-87.188,0.313,0.00,-14.06,-0.564,-0.24219,-0.0391,-1.110,11.350,21.80,0.160,-0.016,0.037,177.590,3.811
16.9160,27.21,TRACKING,-86.981,-87.188,0.206,7.44,0.00,-0.564,-0.24219,0.0000,-0.570,11.425,14.30,0.226,-0.040,0.006,177.503,3.809
16.9584,44.02,TRACKING,-87.017,-86.660,0.170,4.57,9.84,-0.562,-0.24072,0.0273,-0.200,9.875,7.36,0.584,-0.051,-0.054,177.210,3.808
17.0085,51.20,TRACKING,-87.017,-86.484,0.357,-4.80,-10.55,-0.561,-0.24023,-0.0293,-0.920,9.200,19.94,0.897,-0.109,-0.022,176.967,3.804
17.0444,40.16,TRACKING,-86.970,-86.924,0.486,-6.39,-11.95,-0.563,-0.24146,-0.0332,-0.990,9.475,20.88,0.954,-0.145,0.029,176.557,3.798
17.0775,36.53,TRACKING,-87.132,-87.188,0.209,0.00,-9.14,-0.564,-0.24219,-0.0254,-1.070,8.750,29.46,1.232,-0.238,0.049,176.112,3.790
17.1281,32.85,TRACKING,-87.429,-87.363,0.242,0.00,0.00,-0.565,-0.24268,0.0000,-0.560,8.400,21.42,1.521,-0.317,0.099,175.212,3.777
17.1555,33.85,TRACKING,-87.956,-87.363,0.593,-5.95,-9.14,-0.565,-0.24268,-0.0254,-1.430,8.500,30.12,1.580,-0.321,0.181,174.796,3.772
17.1842,23.21,TRACKING,-88.223,-87.715,0.860,-17.97,-11.95,-0.566,-0.24365,-0.0332,-0.900,8.425,28.62,1.694,-0.238,0.123,174.160,3.771
17.2044,19.24,TRACKING,-88.577,-88.154,0.862,-14.83,-23.20,-0.567,-0.24487,-0.0645,-0.970,8.950,28.84,1.770,-0.220,0.047,173.624,3.769
17.2246,20.61,TRACKING,-88.714,-88.506,0.560,-15.12,-17.58,-0.569,-0.24585,-0.0488,-1.190,9.600,25.74,1.783,-0.218,0.102,173.073,3.768
17.2445,19.40,TRACKING,-88.929,-88.770,0.423,-7.98,-14.06,-0.570,-0.24658,-0.0391,-1.320,9.675,35.50,1.813,-0.227,0.031,172.537,3.766
17.2682,20.91,TRACKING,-89.085,-89.033,0.316,-9.43,-12.66,-0.571,-0.24731,-0.0352,-0.990,10.075,24.52,1.809,-0.233,0.065,172.093,3.767
17.2946,32.41,TRACKING,-89.266,-89.385,0.233,-5.82,-11.95,-0.572,-0.24829,-0.0332,-0.860,9.675,21.22,2.005,-0.313,0.067,171.352,3.767
17.3182,15.95,TRACKING,-89.555,-89.648,0.170,-2.98,-9.14,-0.573,-0.24902,-0.0254,-0.960,9.300,21.76,2.057,-0.378,0.125,170.730,3.765
17.3437,29.25,TRACKING,-89.750,-89.912,0.101,-8.51,-9.14,-0.574,-0.24976,-0.0254,-1.200,8.525,30.84,2.191,-0.465,0.096,169.825,3.765
17.3625,16.71,TRACKING,-90.107,-90.000,0.195,-4.85,-9.14,-0.574,-0.25000,-0.0254,-0.930,8.825,36.98,2.203,-0.500,0.076,169.142,3.762
17.3826,33.20,TRACKING,-90.362,-90.176,0.362,-14.30,-10.55,-0.575,-0.25049,-0.0293,-0.890,9.025,25.24,2.195,-0.526,0.187,168.581,3.763
17.4103,15.42,TRACKING,-90.637,-90.615,0.461,-10.54,-15.47,-0.576,-0.25171,-0.0430,-1.280,9.475,32.46,2.255,-0.567,0.067,167.533,3.761
17.4310,22.35,TRACKING,-91.035,-90.967,0.420,-10.44,-14.77,-0.577,-0.25269,-0.0410,-1.040,9.600,21.26,2.316,-0.599,0.072,166.923,3.763
17.4596,36.19,TRACKING,-91.315,-91.406,0.349,-11.89,-14.06,-0.579,-0.25391,-0.0391,-1.200,9.625,29.82,2.329,-0.654,0.082,165.859,3.762
17.4863,25.97,TRACKING,-91.766,-91.670,0.360,-6.41,-16.88,-0.580,-0.25464,-0.0469,-1.070,9.575,26.32,2.342,-0.670,0.065,165.119,3.762
17.5241,43.85,TRACKING,-92.079,-92.109,0.409,-12.68,-17.58,-0.582,-0.25586,-0.0488,-1.090,10.375,30.88,2.308,-0.656,0.074,163.783,3.768
17.5631,28.18,TRACKING,-92.713,-92.725,0.604,-6.80,-11.95,-0.584,-0.25757,-0.0332,-0.990,10.475,28.16,2.374,-0.680,0.065,162.308,3.775
17.5944,30.50,TRACKING,-93.249,-93.076,0.524,-12.63,-16.88,-0.585,-0.25854,-0.0469,-1.170,10.500,27.20,2.365,-0.690,0.068,161.160,3.782
17.6384,53.68,TRACKING,-93.617,-93.955,0.541,-15.89,-14.77,-0.588,-0.26099,-0.0410,-1.410,10.650,31.04,2.370,-0.699,0.079,159.343,3.796
17.6732,23.91,TRACKING,-94.109,-94.395,0.154,-3.45,-16.17,-0.590,-0.26221,-0.0449,-0.630,10.600,32.90,2.378,-0.711,0.033,158.262,3.807
17.6934,31.83,TRACKING,-94.386,-94.570,0.008,-9.00,-10.55,-0.590,-0.26270,-0.0293,-0.850,10.700,21.26,2.395,-0.710,0.043,157.525,3.816
17.7419,39.98,TRACKING,-94.570,-95.098,0.000,-6.89,-9.14,-0.592,-0.26416,-0.0254,-1.180,10.675,29.70,2.357,-0.751,0.062,155.695,3.839
17.7688,32.41,TRACKING,-95.004,-95.273,0.094,0.00,-7.73,-0.593,-0.26465,-0.0215,-1.180,10.750,27.90,2.381,-0.756,0.099,154.894,3.850
17.7995,34.84,TRACKING,-95.139,-95.273,0.135,-5.71,-6.33,-0.593,-0.26465,-0.0176,-1.500,9.000,29.96,2.575,-0.816,0.068,153.489,3.872
17.8495,46.80,TRACKING,-95.446,-95.713,0.173,-4.02,-9.14,-0.595,-0.26587,-0.0254,-0.920,9.100,24.64,2.652,-0.872,0.096,151.707,3.904
17.8769,15.58,TRACKING,-95.976,-95.889,0.264,0.00,-9.84,-0.595,-0.26636,-0.0273,-0.920,9.300,27.10,2.653,-0.876,0.112,150.741,3.924
17.8970,28.81,TRACKING,-96.254,-95.977,0.365,-19.49,0.70,-0.596,-0.26660,0.0020,-0.660,9.700,23.24,2.611,-0.834,0.105,149.958,3.941
17.9214,16.47,TRACKING,-96.517,-96.504,0.541,-15.50,-25.31,-0.597,-0.26807,-0.0703,-1.190,10.800,32.34,2.504,-0.741,0.037,148.879,3.970
17.9445,36.91,TRACKING,-96.880,-96.855,0.376,-9.84,-12.66,-0.599,-0.26904,-0.0352,-1.010,11.000,22.80,2.467,-0.717,0.020,148.187,3.989
17.9829,27.57,TRACKING,-97.092,-97.383,0.236,-8.81,-11.25,-0.601,-0.27051,-0.0312,-1.060,11.225,24.76,2.487,-0.705,-0.006,146.812,4.031
18.0083,25.99,TRACKING,-97.462,-97.646,0.079,-2.12,-12.66,-0.602,-0.27124,-0.0352,-1.040,11.250,23.94,2.495,-0.717,0.030,146.167,4.053
18.0307,20.16,TRACKING,-97.633,-97.822,0.014,-7.29,-5.62,-0.602,-0.27173,-0.0156,-1.300,11.200,25.44,2.475,-0.790,0.041,145.193,4.084
18.0512,31.96,TRACKING,-97.808,-97.998,0.014,-5.96,-11.25,-0.603,-0.27222,-0.0312,-1.030,11.050,28.04,2.502,-0.835,0.026,144.488,4.108
18.0862,24.67,TRACKING,-97.894,-98.350,0.105,-3.84,-11.95,-0.604,-0.27319,-0.0332,-1.020,10.925,25.38,2.527,-0.889,0.054,143.476,4.140
18.1172,32.67,TRACKING,-98.058,-98.525,0.291,2.87,5.62,-0.605,-0.27368,0.0156,0.060,10.725,-15.74,2.490,-0.899,0.019,142.540,4.171
18.1472,36.17,TRACKING,-98.193,-98.174,0.332,2.03,9.84,-0.603,-0.27271,0.0273,-0.420,10.725,9.92,2.449,-0.955,0.079,141.525,4.207
18.1899,43.78,TRACKING,-98.385,-98.174,0.211,-4.51,-10.55,-0.603,-0.27271,-0.0293,-0.980,11.250,22.92,2.147,-0.828,0.023,140.112,4.258
18.2235,26.41,TRACKING,-98.748,-98.438,0.574,-6.58,-8.44,-0.604,-0.27344,-0.0234,-1.070,11.875,23.42,2.094,-0.804,-0.010,139.298,4.292
18.2508,23.13,TRACKING,-99.160,-98.701,0.722,-10.90,-16.17,-0.605,-0.27417,-0.0449,-1.060,12.075,24.62,1.567,-0.474,0.009,138.713,4.322
18.2710,21.72,TRACKING,-99.377,-99.053,0.676,-17.05,-20.39,-0.607,-0.27515,-0.0566,-1.300,12.050,24.04,1.059,-0.242,0.189,138.461,4.337
18.2945,26.29,TRACKING,-99.492,-99.492,0.439,-13.25,-21.09,-0.608,-0.27637,-0.0586,-0.790,11.650,16.98,0.825,-0.100,0.520,138.278,4.351
18.3167,18.88,TRACKING,-99.662,-99.844,0.170,-6.14,-16.17,-0.609,-0.27734,-0.0449,-1.170,11.750,24.26,0.735,-0.061,0.324,138.135,4.362
18.3375,27.06,TRACKING,-99.841,-100.283,0.003,-3.73,-7.73,-0.611,-0.27856,-0.0215,-0.980,11.625,16.30,0.658,-0.056,0.341,137.998,4.372
18.3670,21.28,TRACKING,-100.327,-100.459,0.044,6.44,-9.14,-0.612,-0.27905,-0.0254,-0.960,11.650,25.12,0.613,-0.046,0.342,137.847,4.385
18.3874,51.79,TRACKING,-100.695,-100.283,0.236,-6.41,14.77,-0.611,-0.27856,0.0410,-0.360,11.175,11.90,0.565,-0.009,0.395,137.782,4.392
18.4377,26.75,TRACKING,-101.016,-100.811,0.733,-9.35,-14.77,-0.613,-0.28003,-0.0410,-1.070,11.200,22.04,0.269,0.009,0.237,137.609,4.411
18.4719,27.94,TRACKING,-101.873,-101.162,1.063,-5.28,-9.14,-0.614,-0.28101,-0.0254,-1.060,10.425,25.90,0.213,0.040,0.483,137.579,4.417
18.4923,21.89,TRACKING,-102.302,-101.250,1.140,-21.15,-6.33,-0.615,-0.28125,-0.0176,-2.160,11.300,28.30,0.182,0.089,0.415,137.575,4.421
18.5223,36.51,TRACKING,-102.414,-102.129,1.164,-27.28,-30.23,-0.618,-0.28369,-0.0840,-1.460,11.075,25.34,0.108,0.075,0.130,137.121,4.447
18.5489,23.71,TRACKING,-102.574,-102.744,0.445,-3.81,-32.34,-0.620,-0.28540,-0.0898,-1.340,11.325,25.52,0.078,0.052,0.121,137.117,4.449
18.5753,29.22,TRACKING,-102.722,-103.271,0.022,5.57,-8.44,-0.622,-0.28687,-0.0234,-1.040,11.325,22.04,0.070,0.048,0.047,137.123,4.451
18.6157,35.86,TRACKING,-102.972,-102.920,0.300,8.35,16.17,-0.621,-0.28589,0.0449,-0.300,11.425,9.24,0.014,0.010,0.008,137.133,4.452
18.6418,25.75,TRACKING,-103.118,-102.568,0.198,-3.84,-2.11,-0.619,-0.28491,-0.0059,-1.780,11.425,22.84,0.000,0.000,-0.001,137.131,4.452
18.6680,27.58,TRACKING,-103.123,-102.920,0.555,-11.57,-15.47,-0.621,-0.28589,-0.0430,-1.080,10.925,22.18,0.016,0.012,0.049,137.136,4.452
18.6981,24.65,TRACKING,-103.153,-103.184,0.233,-2.60,-13.36,-0.621,-0.28662,-0.0371,-1.250,10.175,26.76,-0.039,-0.042,0.220,136.530,4.482
18.7253,26.38,TRACKING,-103.096,-103.271,0.088,0.00,0.70,-0.622,-0.28687,0.0020,-0.690,9.450,22.90,-0.022,-0.087,0.172,136.509,4.480
18.7476,21.52,TRACKING,-102.763,-103.271,0.508,2.85,0.00,-0.622,-0.28687,0.0000,-0.660,10.450,20.54,0.009,-0.061,0.047,136.490,4.480
18.7737,26.82,TRACKING,-102.401,-103.008,0.871,17.13,16.88,-0.621,-0.28613,0.0469,0.180,10.975,-3.84,-0.001,0.001,-0.021,136.482,4.480
18.7938,23.39,TRACKING,-101.827,-102.568,1.181,20.75,25.31,-0.619,-0.28491,0.0703,0.020,10.400,-3.08,-0.008,0.009,-0.025,136.480,4.480
18.8176,19.77,TRACKING,-101.607,-102.041,0.961,27.65,26.02,-0.617,-0.28345,0.0723,-0.040,11.325,5.18,-0.043,0.057,0.005,136.500,4.480
18.8339,23.91,TRACKING,-101.503,-101.514,0.538,17.33,32.34,-0.615,-0.28198,0.0898,-0.570,11.275,7.00,-0.037,0.054,-0.006,136.512,4.480
18.8560,22.28,TRACKING,-101.497,-101.074,0.017,6.47,23.20,-0.614,-0.28076,0.0645,0.000,11.375,-4.50,-0.037,0.056,-0.024,136.529,4.479
18.8776,18.64,TRACKING,-101.549,-100.723,0.475,-3.20,12.66,-0.613,-0.27979,0.0352,-0.270,11.400,10.82,-0.027,0.041,-0.007,136.544,4.479
18.8978,26.54,TRACKING,-101.568,-100.635,0.846,-11.96,-6.33,-0.612,-0.27954,-0.0176,-0.970,11.200,22.36,-0.016,0.023,-0.013,136.558,4.479
18.9255,21.07,TRACKING,-101.560,-101.074,0.925,-12.69,-18.28,-0.614,-0.28076,-0.0508,-1.130,10.150,23.76,-0.050,0.043,-0.056,136.572,4.479
18.9466,22.02,TRACKING,-101.494,-101.426,0.420,-4.14,-19.69,-0.615,-0.28174,-0.0547,-1.110,11.375,22.36,-0.065,0.044,-0.043,136.097,4.503
18.9692,27.21,TRACKING,-101.489,-101.777,0.063,2.36,-5.62,-0.616,-0.28271,-0.0156,0.470,10.550,-15.08,-0.148,0.079,-0.133,136.132,4.501
19.0080,33.82,TRACKING,-101.439,-101.514,0.338,5.22,11.25,-0.615,-0.28198,0.0312,-0.320,10.850,9.62,-0.291,0.137,-0.046,136.225,4.497
19.0365,34.41,TRACKING,-101.450,-101.162,0.063,0.00,9.84,-0.614,-0.28101,0.0273,-0.160,11.075,3.90,-0.293,0.132,-0.040,136.326,4.492
19.0802,41.33,TRACKING,-101.472,-101.338,0.310,-6.31,-14.77,-0.615,-0.28149,-0.0410,-0.930,10.725,21.36,-0.392,0.230,0.003,136.563,4.483
19.1056,24.80,TRACKING,-101.478,-101.602,0.140,-2.85,-13.36,-0.616,-0.28223,-0.0371,-0.910,11.125,20.36,-0.364,0.228,-0.013,136.674,4.480
19.1293,28.05,TRACKING,-101.453,-101.777,0.148,0.00,-7.73,-0.616,-0.28271,-0.0215,-1.000,10.900,21.70,-0.350,0.207,-0.035,136.323,4.502
19.1575,32.76,TRACKING,-101.406,-101.777,0.371,4.70,0.00,-0.616,-0.28271,0.0000,-0.630,11.225,15.36,-0.403,0.225,-0.020,136.469,4.497
19.2060,50.12,TRACKING,-101.332,-101.338,0.445,5.41,12.66,-0.615,-0.28149,0.0352,-0.370,11.150,12.52,-0.268,0.159,0.004,136.733,4.487
19.2858,89.82,TRACKING,-101.231,-100.986,0.107,0.00,-2.81,-0.614,-0.28052,-0.0078,-0.540,11.400,16.02,-0.294,0.180,-0.001,137.063,4.476
19.3368,25.34,TRACKING,-101.107,-101.074,0.121,-3.06,-0.70,-0.614,-0.28076,-0.0020,-0.570,11.425,19.24,-0.295,0.180,-0.000,137.268,4.469
19.3599,19.64,TRACKING,-101.074,-101.250,0.000,2.74,9.84,-0.615,-0.28125,0.0273,0.160,10.775,-9.02,-0.381,0.202,-0.127,137.407,4.464
19.3828,27.58,TRACKING,-101.058,-101.162,0.192,5.21,7.73,-0.614,-0.28101,0.0215,-0.050,10.500,5.82,-0.616,0.288,-0.057,137.543,4.459
19.4027,20.09,TRACKING,-101.066,-100.898,0.096,2.82,9.84,-0.613,-0.28027,0.0273,-0.210,10.025,5.68,-0.690,0.261,-0.116,137.270,4.475
19.4238,16.08,TRACKING,-101.052,-100.723,0.154,-4.41,7.03,-0.613,-0.27979,0.0195,-0.270,10.025,6.30,-0.737,0.269,-0.067,137.433,4.466
19.4442,25.32,TRACKING,-101.066,-100.898,0.343,-5.69,-11.95,-0.613,-0.28027,-0.0332,-1.000,9.900,20.06,-0.691,0.270,-0.005,137.603,4.458
19.4790,34.49,TRACKING,-101.066,-101.250,0.167,-3.35,-9.84,-0.615,-0.28125,-0.0273,-0.880,10.875,22.20,-0.690,0.304,-0.108,137.858,4.446
19.5072,35.41,TRACKING,-101.014,-101.426,0.236,0.00,-7.73,-0.615,-0.28174,-0.0215,-1.010,11.325,23.30,-0.604,0.274,-0.036,138.081,4.437
19.5523,68.78,TRACKING,-100.843,-101.250,0.582,6.10,9.14,-0.615,-0.28125,0.0254,-0.120,10.350,7.72,-0.834,0.270,-0.056,138.514,4.415
19.6147,40.18,TRACKING,-100.651,-100.635,0.599,4.99,7.03,-0.612,-0.27954,0.0195,-0.160,9.575,5.06,-1.106,0.353,0.029,138.742,4.405
19.6528,36.08,TRACKING,-100.470,-100.371,0.165,0.00,-1.41,-0.611,-0.27881,-0.0039,-0.510,10.025,11.64,-0.985,0.344,0.034,139.259,4.380
19.6805,18.03,TRACKING,-100.363,-100.459,0.008,0.00,-2.11,-0.612,-0.27905,-0.0059,-0.570,10.900,16.64,-1.051,0.411,-0.003,139.656,4.363
19.7023,21.20,TRACKING,-100.322,-100.459,0.137,6.14,7.73,-0.612,-0.27905,0.0215,0.200,10.325,-8.90,-1.357,0.525,0.002,139.977,4.349
19.7225,21.11,TRACKING,-100.203,-100.283,0.256,5.21,5.62,-0.611,-0.27856,0.0156,-0.050,8.700,6.26,-1.427,0.541,-0.085,140.313,4.336
19.7453,23.62,TRACKING,-100.085,-100.107,0.198,4.70,7.73,-0.610,-0.27808,0.0215,-0.140,9.700,1.46,-1.470,0.544,-0.107,140.665,4.321
19.7656,18.14,TRACKING,-99.978,-100.020,0.129,4.53,9.14,-0.610,-0.27783,0.0254,-0.160,9.825,2.70,-1.470,0.539,-0.089,141.022,4.306
19.7860,27.01,TRACKING,-99.921,-99.756,0.099,4.64,9.84,-0.609,-0.27710,0.0273,-0.310,8.675,7.52,-1.615,0.595,-0.046,141.411,4.290
19.8085,16.84,TRACKING,-99.855,-99.580,0.099,0.00,8.44,-0.608,-0.27661,0.0234,-0.140,8.375,5.82,-1.724,0.682,-0.043,141.417,4.293
19.8314,26.47,TRACKING,-99.747,-99.580,0.167,-2.75,-3.52,-0.608,-0.27661,-0.0098,-1.130,8.975,9.48,-1.835,0.758,-0.049,142.097,4.270
19.8532,24.65,TRACKING,-99.555,-99.932,0.025,0.00,-7.73,-0.610,-0.27759,-0.0215,-0.820,8.625,15.28,-1.757,0.733,-0.108,142.589,4.253
19.8837,26.93,TRACKING,-99.506,-99.844,0.426,11.00,19.69,-0.609,-0.27734,0.0547,-0.270,9.100,3.72,-1.720,0.692,-0.039,143.314,4.228
19.9052,18.33,TRACKING,-99.421,-99.580,0.423,6.74,15.47,-0.608,-0.27661,0.0430,-0.140,10.175,6.48,-1.772,0.657,-0.045,143.757,4.212
19.9254,22.67,TRACKING,-99.270,-99.316,0.311,2.94,8.44,-0.608,-0.27588,0.0234,-0.340,10.250,8.00,-1.866,0.656,-0.083,144.247,4.194
19.9454,20.07,TRACKING,-99.187,-99.229,0.129,3.49,8.44,-0.607,-0.27563,0.0234,-0.180,9.975,5.28,-1.919,0.670,-0.014,144.747,4.177
19.9676,22.41,TRACKING,-99.080,-99.053,0.148,3.66,7.03,-0.607,-0.27515,0.0195,-0.250,9.400,5.60,-2.073,0.751,-0.059,144.909,4.170
19.9879,24.88,TRACKING,-98.970,-98.877,0.083,0.00,5.62,-0.606,-0.27466,0.0156,-0.150,9.850,2.82,-2.035,0.767,0.000,145.457,4.154
20.0100,17.92,TRACKING,-98.849,-98.877,0.028,0.00,-2.11,-0.606,-0.27466,-0.0059,-0.500,10.025,10.16,-2.006,0.765,-0.065,146.156,4.133
20.0305,26.66,TRACKING,-98.696,-98.965,0.181,4.64,-4.92,-0.606,-0.27490,-0.0137,-0.410,10.075,13.06,-2.039,0.774,-0.039,146.856,4.113
20.0591,22.82,TRACKING,-98.599,-98.877,0.365,8.94,7.03,-0.606,-0.27466,0.0195,0.130,10.350,-4.22,-2.038,0.770,-0.033,147.397,4.099
20.0800,18.27,TRACKING,-98.473,-98.525,0.404,6.94,11.25,-0.605,-0.27368,0.0312,-0.160,10.350,5.20,-2.096,0.781,-0.044,148.280,4.076
20.1034,35.43,TRACKING,-98.314,-98.350,0.212,3.62,9.84,-0.604,-0.27319,0.0273,-0.170,9.625,2.50,-2.171,0.786,-0.088,148.896,4.060
20.1313,17.71,TRACKING,-98.193,-98.086,0.157,4.14,7.73,-0.603,-0.27246,0.0215,-0.290,9.400,7.54,-2.313,0.828,0.019,149.839,4.036
20.1518,21.30,TRACKING,-97.962,-97.910,0.124,2.31,4.92,-0.602,-0.27197,0.0137,-0.130,9.400,2.72,-2.317,0.821,-0.074,150.522,4.021
20.1780,31.92,TRACKING,-97.806,-97.822,0.105,5.09,4.92,-0.602,-0.27173,0.0137,-0.130,9.625,2.18,-2.340,0.839,-0.022,151.197,4.006
20.2190,34.60,TRACKING,-97.690,-97.295,0.132,5.86,9.84,-0.600,-0.27026,0.0273,-0.190,10.050,7.18,-2.341,0.846,-0.060,152.725,3.977
20.2390,21.74,TRACKING,-97.298,-97.207,0.003,-3.16,9.84,-0.600,-0.27002,0.0273,-0.140,10.125,3.94,-2.341,0.848,-0.032,153.252,3.968
20.2698,34.09,TRACKING,-97.207,-97.295,0.000,9.43,4.92,-0.600,-0.27026,0.0137,-0.220,10.100,6.90,-2.423,0.852,-0.052,154.622,3.945
20.3025,33.00,TRACKING,-96.839,-96.855,0.456,6.67,12.66,-0.599,-0.26904,0.0352,-0.280,10.025,8.40,-2.447,0.838,-0.082,155.758,3.927
20.3317,25.19,TRACKING,-96.600,-96.504,0.256,7.01,10.55,-0.597,-0.26807,0.0293,-0.140,10.425,4.98,-2.412,0.811,-0.078,156.851,3.912
20.3522,17.60,TRACKING,-96.320,-96.328,0.184,5.45,12.66,-0.597,-0.26758,0.0352,-0.160,10.625,3.56,-2.402,0.781,-0.045,157.564,3.903
20.3719,22.74,TRACKING,-96.127,-96.064,0.201,10.20,14.06,-0.596,-0.26685,0.0391,0.050,10.875,-3.40,-2.421,0.775,-0.063,158.287,3.894
20.3920,19.57,TRACKING,-95.985,-95.801,0.080,6.29,13.36,-0.595,-0.26611,0.0371,-0.410,10.950,8.96,-2.453,0.775,-0.053,159.040,3.885
20.4134,18.40,TRACKING,-95.776,-95.625,0.025,3.43,9.14,-0.594,-0.26562,0.0254,-0.350,10.950,4.22,-2.416,0.755,-0.102,159.756,3.878
20.4366,23.87,TRACKING,-95.595,-95.449,0.030,5.58,8.44,-0.594,-0.26514,0.0234,-0.270,10.825,5.68,-2.429,0.751,-0.063,160.487,3.871
20.4568,21.83,TRACKING,-95.446,-95.186,0.003,4.72,10.55,-0.593,-0.26440,0.0293,-0.270,10.925,6.86,-2.423,0.723,-0.035,161.230,3.864
20.4768,19.07,TRACKING,-95.282,-95.010,0.096,0.00,9.84,-0.592,-0.26392,0.0273,-0.270,11.150,3.64,-2.331,0.622,-0.008,161.931,3.857
20.4970,20.05,TRACKING,-95.100,-95.010,0.090,0.00,-2.81,-0.592,-0.26392,-0.0078,-0.460,11.075,10.26,-2.256,0.481,-0.015,162.576,3.849
20.5178,23.63,TRACKING,-94.911,-95.098,0.099,5.82,-4.22,-0.592,-0.26416,-0.0117,-0.430,11.600,12.72,-2.266,0.411,-0.072,163.281,3.839
20.5459,32.91,TRACKING,-94.729,-94.834,0.368,10.00,12.66,-0.591,-0.26343,0.0352,0.030,11.675,-4.92,-2.195,0.336,-0.034,164.226,3.826
20.5781,29.22,TRACKING,-94.447,-94.395,0.387,6.75,14.06,-0.590,-0.26221,0.0391,-0.270,11.725,3.08,-2.126,0.236,-0.007,165.297,3.809
20.6035,27.34,TRACKING,-94.235,-94.043,0.159,4.84,11.25,-0.589,-0.26123,0.0312,-0.230,11.500,5.06,-2.162,0.180,0.024,166.112,3.796
20.6341,27.94,TRACKING,-94.087,-93.779,0.044,2.85,7.03,-0.588,-0.26050,0.0195,-0.230,11.100,6.72,-2.327,0.123,-0.044,167.095,3.780
20.6550,21.44,TRACKING,-93.922,-93.604,0.143,0.00,8.44,-0.587,-0.26001,0.0234,-0.370,11.025,6.92,-2.313,0.108,-0.031,167.729,3.769
20.6828,28.90,TRACKING,-93.782,-93.604,0.178,2.10,-0.70,-0.587,-0.26001,-0.0020,0.110,10.900,-3.38,-2.284,0.124,-0.071,168.751,3.754
20.7159,34.78,TRACKING,-93.658,-93.340,0.055,2.87,7.03,-0.586,-0.25928,0.0195,-0.230,10.400,8.34,-2.289,0.160,-0.033,170.068,3.747
20.7677,60.58,TRACKING,-93.375,-93.164,0.036,0.00,-2.81,-0.585,-0.25879,-0.0078,-0.480,10.775,10.46,-2.249,0.185,-0.038,171.906,3.737
20.8025,16.14,TRACKING,-93.068,-93.252,0.096,0.00,-2.11,-0.586,-0.25903,-0.0059,-0.590,10.725,18.02,-2.259,0.189,-0.066,173.077,3.735
20.8227,21.02,TRACKING,-92.691,-93.340,0.560,14.11,-2.81,-0.586,-0.25928,-0.0078,1.330,10.925,-3.90,-2.150,0.200,-0.036,173.756,3.732
20.8427,23.15,TRACKING,-92.477,-92.812,0.863,22.62,41.48,-0.584,-0.25781,0.1152,-0.850,11.150,5.80,-2.014,0.233,-0.066,174.416,3.731
20.8644,17.97,TRACKING,-92.203,-92.637,0.610,12.15,4.92,-0.583,-0.25732,0.0137,2.070,11.450,-8.98,-1.860,0.217,-0.059,175.053,3.733
20.8847,32.04,TRACKING,-91.884,-92.109,0.753,17.02,-11.25,-0.582,-0.25586,-0.0312,1.190,11.925,-10.60,-1.701,0.205,-0.057,175.645,3.735
20.9105,15.54,TRACKING,-91.623,-91.406,0.486,11.23,23.20,-0.579,-0.25391,0.0645,-0.140,11.975,10.80,-1.286,0.123,0.031,176.223,3.736
20.9305,19.83,TRACKING,-91.261,-91.143,0.146,5.34,15.47,-0.578,-0.25317,0.0430,0.010,11.975,-2.10,-1.078,0.105,0.169,176.527,3.737
20.9507,21.13,TRACKING,-91.104,-90.879,0.039,11.29,16.88,-0.577,-0.25244,0.0469,-0.170,11.475,6.40,-0.847,0.092,0.069,176.869,3.737
20.9714,22.89,TRACKING,-90.741,-90.527,0.138,5.59,7.03,-0.576,-0.25146,0.0195,-0.150,11.475,8.02,-0.568,0.093,0.022,177.139,3.739
20.9906,19.64,TRACKING,-90.428,-90.352,0.099,10.63,11.95,-0.575,-0.25098,0.0332,-0.260,11.575,8.12,-0.473,0.083,-0.250,177.305,3.741
21.0106,18.33,TRACKING,-90.176,-90.000,0.176,14.05,14.77,-0.574,-0.25000,0.0410,0.190,11.325,-1.98,-0.371,0.065,-0.103,177.546,3.741
21.0332,32.04,TRACKING,-89.865,-89.473,0.135,11.60,18.98,-0.572,-0.24854,0.0527,-0.160,11.325,6.16,-0.343,0.063,0.041,177.952,3.742
21.0722,35.08,TRACKING,-89.464,-89.033,0.008,2.42,9.14,-0.571,-0.24731,0.0254,-0.330,11.125,9.02,-0.232,0.042,0.009,178.296,3.741
21.1045,35.89,TRACKING,-88.918,-88.857,0.116,0.00,-2.81,-0.570,-0.24683,-0.0078,-0.460,11.200,10.60,-0.203,0.037,0.014,178.377,3.743
21.1428,36.13,TRACKING,-88.522,-88.945,0.335,10.92,-1.41,-0.570,-0.24707,-0.0039,0.860,11.325,-6.54,-0.102,0.019,-0.008,178.729,3.742
21.1781,27.34,TRACKING,-88.297,-88.506,0.648,16.89,16.17,-0.569,-0.24585,0.0449,0.220,11.400,-2.86,-0.030,0.006,0.003,178.740,3.742
21.1983,21.07,TRACKING,-88.338,-88.066,0.168,10.70,21.80,-0.567,-0.24463,0.0605,-0.030,11.425,2.76,-0.004,0.001,0.000,178.765,3.742
21.2190,19.35,TRACKING,-88.333,-87.715,0.266,-2.38,14.06,-0.566,-0.24365,0.0391,-0.020,11.450,2.50,0.004,-0.001,-0.000,178.752,3.742
21.2393,20.40,TRACKING,-88.324,-87.627,0.610,-7.94,-7.73,-0.565,-0.24341,-0.0215,-0.840,11.425,15.28,0.004,-0.001,-0.003,178.747,3.741
21.2595,20.07,TRACKING,-88.311,-87.979,0.684,-8.34,-15.47,-0.567,-0.24438,-0.0430,-1.020,11.400,19.66,0.004,-0.001,0.005,178.745,3.741
21.2794,20.03,TRACKING,-88.330,-88.242,0.351,0.00,-2.11,-0.568,-0.24512,-0.0059,-0.280,11.425,9.12,0.003,-0.001,0.006,178.766,3.741
21.2996,21.13,TRACKING,-88.344,-88.242,0.101,0.00,0.00,-0.568,-0.24512,0.0000,-0.560,11.450,12.16,0.003,-0.001,0.006,178.989,3.739
21.3195,20.16,TRACKING,-88.338,-88.242,0.096,0.00,-1.41,-0.568,-0.24512,-0.0039,-0.490,11.425,15.98,0.002,-0.000,0.003,178.980,3.739
21.3421,31.26,TRACKING,-88.341,-88.242,0.099,0.00,-2.11,-0.568,-0.24512,-0.0059,-0.530,11.425,17.82,0.000,-0.000,0.000,178.984,3.739
21.3721,24.02,TRACKING,-88.360,-88.330,0.118,0.00,-0.70,-0.568,-0.24536,-0.0020,-0.470,11.450,18.28,0.000,0.000,0.000,179.182,3.738
21.4024,34.24,TRACKING,-88.355,-88.330,0.025,0.00,-1.41,-0.568,-0.24536,-0.0039,-0.510,11.425,19.24,0.000,0.000,0.000,179.352,3.736
21.4283,17.36,TRACKING,-88.360,-88.330,0.030,0.00,-0.70,-0.568,-0.24536,-0.0020,-0.540,11.425,19.24,0.000,0.000,0.000,179.513,3.735
21.4485,19.33,TRACKING,-88.368,-88.330,0.038,0.00,-0.70,-0.568,-0.24536,-0.0020,-0.490,11.425,20.22,0.000,0.000,0.000,179.513,3.735
21.4688,24.32,TRACKING,-88.360,-88.418,0.030,0.00,-1.41,-0.568,-0.24561,-0.0039,-0.550,11.425,20.24,0.000,0.000,0.000,179.643,3.734
21.4906,19.64,TRACKING,-88.355,-88.418,0.063,0.00,0.00,-0.568,-0.24561,0.0000,-0.560,11.400,21.72,0.000,0.000,0.000,179.647,3.734
21.5120,21.17,TRACKING,-88.352,-88.418,0.066,0.00,-1.41,-0.568,-0.24561,-0.0039,-0.510,11.375,20.98,0.000,0.000,0.000,179.761,3.733
21.5323,34.34,TRACKING,-88.352,-88.418,0.066,0.00,-1.41,-0.568,-0.24561,-0.0039,-0.540,11.400,21.32,0.000,0.000,0.000,179.866,3.732
21.5714,33.52,TRACKING,-88.352,-88.418,0.066,0.00,-1.41,-0.568,-0.24561,-0.0039,-0.560,11.400,22.44,0.000,0.000,0.000,179.866,3.732
21.6094,36.17,TRACKING,-88.349,-88.506,0.069,0.00,0.00,-0.569,-0.24585,0.0000,-0.550,11.375,21.98,0.000,0.000,0.000,179.866,3.732
21.6619,69.28,TRACKING,-88.344,-88.418,0.162,2.34,3.52,-0.568,-0.24561,0.0098,-0.060,11.400,6.20,0.000,0.000,0.000,179.958,3.732
21.7315,74.44,TRACKING,-88.349,-88.242,0.069,0.00,-1.41,-0.568,-0.24512,-0.0039,-0.510,10.925,15.78,-0.064,0.024,0.084,-179.948,3.732
21.7978,48.36,TRACKING,-88.368,-88.418,0.126,0.00,-1.41,-0.568,-0.24561,-0.0039,-0.420,11.425,17.90,0.070,-0.032,0.041,-179.893,3.731
21.8298,29.03,TRACKING,-88.382,-88.506,0.036,0.00,-2.11,-0.569,-0.24585,-0.0059,-0.510,11.425,20.20,0.072,-0.033,0.012,-179.885,3.729
21.8583,19.92,TRACKING,-88.385,-88.506,0.121,2.42,0.00,-0.569,-0.24585,0.0000,-0.560,11.325,22.70,0.151,-0.054,-0.004,-179.923,3.728
21.8802,23.61,TRACKING,-88.390,-88.330,0.116,2.32,3.52,-0.568,-0.24536,0.0098,0.000,11.200,-4.44,0.196,-0.058,-0.022,-179.981,3.726
21.8992,26.73,TRACKING,-88.388,-88.330,0.058,0.00,-4.92,-0.568,-0.24536,-0.0137,-0.510,11.200,13.28,0.170,-0.041,-0.030,-179.953,3.725
21.9247,16.71,TRACKING,-88.382,-88.330,0.052,0.00,-2.11,-0.568,-0.24536,-0.0059,-0.490,11.125,15.60,0.202,-0.032,-0.003,179.952,3.724
21.9448,25.04,TRACKING,-88.412,-88.418,0.082,0.00,-1.41,-0.568,-0.24561,-0.0039,-0.490,11.175,18.32,0.194,-0.029,-0.019,179.946,3.723
21.9692,19.31,TRACKING,-88.443,-88.418,0.025,0.00,-2.11,-0.568,-0.24561,-0.0059,-0.540,11.200,19.30,0.194,-0.032,-0.012,179.891,3.723
21.9894,26.10,TRACKING,-88.462,-88.418,0.044,0.00,-0.70,-0.568,-0.24561,-0.0020,-0.520,11.150,20.46,0.177,-0.037,0.055,179.874,3.721
22.0141,19.35,TRACKING,-88.492,-88.506,0.074,0.00,-0.70,-0.569,-0.24585,-0.0020,-0.530,11.075,22.14,0.218,-0.066,0.028,179.803,3.720
22.0343,26.17,TRACKING,-88.495,-88.506,0.011,0.00,0.00,-0.569,-0.24585,0.0000,-0.570,11.150,23.26,0.218,-0.073,0.014,179.786,3.719
22.0574,15.45,TRACKING,-88.517,-88.506,0.011,0.00,-0.70,-0.569,-0.24585,-0.0020,-0.540,11.300,22.46,0.220,-0.076,-0.004,179.716,3.717
22.0817,23.89,TRACKING,-88.561,-88.506,0.055,0.00,0.00,-0.569,-0.24585,0.0000,-0.560,11.375,21.90,0.207,-0.073,-0.006,179.621,3.715
22.1018,38.82,TRACKING,-88.627,-88.506,0.121,0.00,-0.70,-0.569,-0.24585,-0.0020,-0.500,11.350,22.98,0.184,-0.072,0.029,179.604,3.713
22.1393,32.11,TRACKING,-88.665,-88.506,0.159,-2.86,0.00,-0.569,-0.24585,0.0000,-0.560,11.350,22.92,0.193,-0.077,0.005,179.548,3.711
22.1721,22.13,TRACKING,-88.706,-88.770,0.200,-3.46,-12.66,-0.570,-0.24658,-0.0352,-0.750,11.425,24.12,0.180,-0.072,0.025,179.461,3.709
22.1976,31.81,TRACKING,-88.753,-89.033,0.017,0.00,-10.55,-0.571,-0.24731,-0.0293,-0.700,11.400,22.26,0.161,-0.064,0.026,179.403,3.708
22.2451,55.02,TRACKING,-88.775,-89.033,0.258,3.14,3.52,-0.571,-0.24731,0.0098,-0.240,11.400,11.72,0.165,-0.066,0.001,179.289,3.705
22.2812,35.39,TRACKING,-88.794,-88.770,0.239,2.81,5.62,-0.570,-0.24658,0.0156,-0.160,11.400,6.70,0.156,-0.062,0.008,179.210,3.703
22.3131,32.26,TRACKING,-88.827,-88.594,0.058,0.00,7.73,-0.569,-0.24609,0.0215,-0.220,11.400,5.44,0.156,-0.063,0.018,179.137,3.701
22.3451,39.25,TRACKING,-88.844,-88.594,0.250,-4.20,0.00,-0.569,-0.24609,0.0000,-0.560,11.350,13.12,0.124,-0.058,0.027,179.100,3.700
22.3837,15.34,TRACKING,-88.863,-88.945,0.269,-3.68,-11.25,-0.570,-0.24707,-0.0312,-0.950,11.375,17.66,0.147,-0.069,0.018,179.013,3.698
22.4069,27.60,TRACKING,-88.890,-89.121,0.055,2.65,2.11,-0.571,-0.24756,0.0059,0.370,11.300,-10.32,0.096,-0.046,0.013,178.985,3.697
22.4264,18.35,TRACKING,-88.918,-88.945,0.203,3.12,7.73,-0.570,-0.24707,0.0215,-0.310,11.175,8.54,0.026,-0.015,0.001,178.977,3.697
22.4548,36.32,TRACKING,-88.942,-88.682,0.003,0.00,7.03,-0.569,-0.24634,0.0195,-1.010,11.425,8.72,0.062,-0.040,0.005,178.964,3.697
22.4853,20.31,TRACKING,-88.978,-88.682,0.296,-4.61,-2.81,-0.569,-0.24634,-0.0078,-0.550,11.450,15.84,0.106,-0.053,0.002,178.912,3.696
22.5054,20.46,TRACKING,-88.995,-88.945,0.313,-5.00,-15.47,-0.570,-0.24707,-0.0430,-0.610,11.150,17.40,0.067,-0.038,0.000,178.891,3.695
22.5256,20.16,TRACKING,-88.997,-89.209,0.052,0.00,-9.14,-0.571,-0.24780,-0.0254,-0.950,11.450,20.50,0.070,-0.044,0.020,178.878,3.695
22.5480,23.32,TRACKING,-89.011,-89.209,0.198,3.63,0.00,-0.571,-0.24780,0.0000,-0.580,11.425,13.82,0.065,-0.041,0.014,178.851,3.694
22.5717,23.91,TRACKING,-89.036,-89.033,0.173,0.00,1.41,-0.571,-0.24731,0.0039,-0.700,11.300,13.38,0.046,-0.029,0.009,178.827,3.693
22.5955,23.67,TRACKING,-89.044,-89.033,0.011,0.00,-1.41,-0.571,-0.24731,-0.0039,-0.480,11.150,15.56,0.038,-0.020,0.006,178.813,3.693
22.6119,29.53,TRACKING,-89.041,-89.033,0.008,0.00,-2.11,-0.571,-0.24731,-0.0059,-0.540,11.475,18.54,0.035,-0.017,-0.001,178.804,3.693
22.6526,30.39,TRACKING,-89.008,-89.121,0.025,0.00,-1.41,-0.571,-0.24756,-0.0039,-0.470,11.100,19.84,0.061,-0.022,-0.024,178.760,3.691
22.6866,43.83,TRACKING,-88.948,-89.033,0.173,2.43,4.22,-0.571,-0.24731,0.0117,-0.260,11.025,11.90,0.007,-0.004,-0.012,178.755,3.692
22.7271,42.33,TRACKING,-88.997,-88.857,0.036,0.00,-4.22,-0.570,-0.24683,-0.0117,-0.710,11.275,14.08,0.018,-0.009,0.013,178.748,3.692
22.7776,50.92,TRACKING,-89.014,-89.121,0.156,-2.66,-9.84,-0.571,-0.24756,-0.0273,-0.790,10.950,24.80,0.010,-0.009,0.023,178.768,3.694
22.8213,50.38,TRACKING,-89.022,-89.561,0.099,0.00,0.00,-0.572,-0.24878,0.0000,-0.560,11.400,12.18,0.011,-0.010,0.006,178.765,3.693
22.8689,51.07,TRACKING,-89.014,-89.561,0.547,7.61,0.00,-0.572,-0.24878,0.0000,-0.570,11.400,14.52,0.006,-0.005,0.004,178.745,3.693
22.9179,48.60,TRACKING,-89.008,-89.033,0.552,7.37,11.25,-0.571,-0.24731,0.0312,-0.180,11.450,5.08,0.003,-0.003,-0.001,178.745,3.693
22.9644,37.12,TRACKING,-88.997,-88.418,0.036,0.00,11.25,-0.568,-0.24561,0.0312,-0.050,11.450,2.16,-0.002,0.002,0.001,178.739,3.693
22.9950,15.30,TRACKING,-89.000,-88.418,0.582,-8.85,-1.41,-0.568,-0.24561,-0.0039,-0.560,11.450,12.12,-0.003,0.003,-0.005,178.732,3.693
23.0169,22.78,TRACKING,-88.995,-88.682,0.577,-7.52,-18.28,-0.569,-0.24634,-0.0508,-0.980,11.450,21.76,0.001,-0.001,-0.000,178.740,3.693
23.0373,19.03,TRACKING,-88.995,-88.945,0.313,-2.72,-14.06,-0.570,-0.24707,-0.0391,-0.930,11.450,17.64,0.002,-0.002,-0.008,178.741,3.693
23.0619,23.76,TRACKING,-88.992,-89.209,0.047,0.00,-2.81,-0.571,-0.24780,-0.0078,-0.340,11.450,18.52,0.005,-0.005,0.012,178.734,3.693
23.0790,21.18,TRACKING,-88.997,-89.209,0.212,4.03,0.00,-0.571,-0.24780,0.0000,0.200,11.425,-11.38,0.001,-0.001,-0.001,178.733,3.693
23.1001,18.31,TRACKING,-89.000,-89.033,0.209,2.49,9.14,-0.571,-0.24731,0.0254,-0.240,11.450,6.88,-0.001,0.001,-0.004,178.729,3.693
23.1203,25.77,TRACKING,-88.997,-88.857,0.036,0.00,9.14,-0.570,-0.24683,0.0254,-0.280,11.450,5.32,-0.004,0.004,-0.005,178.726,3.693
23.1437,20.02,TRACKING,-89.000,-88.770,0.143,-2.44,-0.70,-0.570,-0.24658,-0.0020,-0.550,11.450,12.12,-0.003,0.003,-0.010,178.726,3.693
23.1718,36.43,TRACKING,-89.003,-89.121,0.233,-3.52,-10.55,-0.571,-0.24756,-0.0293,-0.810,10.425,19.18,0.050,-0.034,-0.008,178.712,3.693
23.2080,26.23,TRACKING,-88.986,-89.297,0.135,2.40,-5.62,-0.571,-0.24805,-0.0156,0.530,11.575,-14.66,0.049,-0.015,-0.077,178.674,3.691
23.2372,28.42,TRACKING,-88.959,-89.121,0.338,4.88,7.73,-0.571,-0.24756,0.0215,-0.100,11.250,6.72,0.025,-0.011,-0.005,178.648,3.691
23.2581,21.13,TRACKING,-88.973,-88.857,0.148,2.27,8.44,-0.570,-0.24683,0.0234,-0.240,11.275,6.62,0.066,-0.027,-0.012,178.635,3.690
23.2794,22.98,TRACKING,-88.981,-88.682,0.123,-3.83,8.44,-0.569,-0.24634,0.0234,-0.280,11.350,6.86,0.069,-0.027,-0.014,178.608,3.690
23.3045,28.94,TRACKING,-88.992,-88.945,0.310,-5.37,-9.84,-0.570,-0.24707,-0.0273,-0.870,11.225,15.22,0.043,-0.017,-0.005,178.586,3.689
23.3382,41.87,TRACKING,-88.984,-89.209,0.038,0.00,1.41,-0.571,-0.24780,0.0039,-0.370,11.375,12.76,0.063,-0.030,0.029,178.582,3.689
23.3802,37.32,TRACKING,-88.992,-89.121,0.217,3.17,4.22,-0.571,-0.24756,0.0117,-0.140,11.225,9.80,0.075,-0.033,-0.008,178.528,3.688
23.4152,25.54,TRACKING,-89.008,-88.857,0.113,0.00,7.03,-0.570,-0.24683,0.0195,-0.230,11.500,6.16,0.080,-0.020,-0.037,178.495,3.688
23.4355,19.59,TRACKING,-89.006,-88.857,0.148,-3.13,-1.41,-0.570,-0.24683,-0.0039,-0.500,11.225,10.34,0.123,-0.034,-0.034,178.457,3.687
23.4556,29.61,TRACKING,-89.030,-89.033,0.173,0.00,-12.66,-0.571,-0.24731,-0.0352,-0.760,11.025,17.96,0.111,-0.029,-0.061,178.427,3.687
23.4953,38.16,TRACKING,-89.044,-89.121,0.011,0.00,0.00,-0.571,-0.24756,0.0000,-0.560,11.400,13.84,0.123,-0.019,-0.000,178.346,3.686
23.5318,31.46,TRACKING,-89.077,-89.121,0.044,0.00,-1.41,-0.571,-0.24756,-0.0039,-0.560,11.350,19.96,0.065,-0.011,0.016,178.312,3.686
23.5518,17.07,TRACKING,-89.096,-89.209,0.025,0.00,0.00,-0.571,-0.24780,0.0000,-0.560,11.350,20.78,0.083,-0.015,0.020,178.287,3.686
23.5720,22.02,TRACKING,-89.107,-89.209,0.102,0.00,0.00,-0.571,-0.24780,0.0000,-0.560,11.225,20.32,0.032,-0.009,0.084,178.294,3.686
23.5941,20.96,TRACKING,-89.126,-89.209,0.083,0.00,0.00,-0.571,-0.24780,0.0000,-0.560,11.025,21.26,0.109,-0.036,-0.009,178.276,3.686
23.6156,21.48,TRACKING,-89.121,-89.209,0.088,0.00,-2.11,-0.571,-0.24780,-0.0059,-0.560,11.075,21.98,0.094,-0.024,0.002,178.247,3.686
23.6357,21.05,TRACKING,-89.115,-89.209,0.094,2.10,0.00,-0.571,-0.24780,0.0000,-0.550,11.225,22.22,0.095,-0.022,-0.002,178.233,3.685
23.6558,21.02,TRACKING,-89.118,-89.121,0.091,0.00,1.41,-0.571,-0.24756,0.0039,-0.050,11.325,12.30,0.055,-0.015,0.003,178.213,3.685
23.6764,17.79,TRACKING,-89.140,-89.121,0.019,0.00,-2.11,-0.571,-0.24756,-0.0059,-0.520,11.325,16.36,0.062,-0.019,0.006,178.190,3.685
23.7044,38.94,TRACKING,-89.162,-89.121,0.041,0.00,-0.70,-0.571,-0.24756,-0.0020,-0.490,11.350,18.88,0.016,-0.006,0.003,178.172,3.685
23.7360,32.50,TRACKING,-89.198,-89.209,0.077,0.00,-1.41,-0.571,-0.24780,-0.0039,-0.560,11.225,21.10,0.035,-0.017,0.015,178.160,3.685
23.7661,26.19,TRACKING,-89.217,-89.209,0.008,0.00,0.00,-0.571,-0.24780,0.0000,-0.560,11.300,21.30,0.031,-0.015,0.005,178.136,3.685
23.7977,30.53,TRACKING,-89.209,-89.209,0.000,0.00,-1.41,-0.571,-0.24780,-0.0039,-0.560,11.425,22.26,0.027,-0.013,0.011,178.111,3.684
23.8192,26.88,TRACKING,-89.223,-89.209,0.014,0.00,0.00,-0.571,-0.24780,0.0000,-0.560,11.425,21.90,0.023,-0.011,-0.001,178.102,3.684
23.8558,25.92,TRACKING,-89.225,-89.209,0.016,0.00,0.00,-0.571,-0.24780,0.0000,-0.560,11.425,22.04,0.017,-0.008,0.007,178.096,3.684
23.8835,34.69,TRACKING,-89.220,-89.209,0.011,0.00,0.00,-0.571,-0.24780,0.0000,-0.560,11.400,21.70,0.062,-0.027,-0.012,178.073,3.683
23.9186,27.32,TRACKING,-89.212,-89.209,0.003,0.00,0.00,-0.571,-0.24780,0.0000,-0.550,11.200,22.50,0.049,-0.016,0.010,178.042,3.683
23.9463,50.44,TRACKING,-89.190,-89.209,0.019,0.00,0.00,-0.571,-0.24780,0.0000,-0.560,11.325,21.64,0.036,-0.009,-0.061,178.013,3.683
23.9980,29.07,TRACKING,-89.170,-89.297,0.039,0.00,0.00,-0.571,-0.24805,0.0000,-0.560,10.975,22.60,0.048,0.000,-0.038,177.993,3.683
24.0183,26.19,TRACKING,-89.206,-89.297,0.091,2.76,0.00,-0.571,-0.24805,0.0000,-0.560,11.050,22.32,0.076,-0.008,0.005,177.974,3.683
24.0546,40.05,TRACKING,-89.225,-89.121,0.072,0.00,-2.11,-0.571,-0.24756,-0.0059,-0.400,11.150,18.04,-0.089,0.023,0.028,177.961,3.683
24.0841,20.65,TRACKING,-89.192,-89.209,0.071,-3.07,0.00,-0.571,-0.24780,0.0000,-0.560,10.975,19.70,-0.046,0.027,0.086,177.991,3.685
24.1058,31.85,TRACKING,-89.214,-89.385,0.005,0.00,-14.77,-0.572,-0.24829,-0.0410,-0.780,10.625,27.08,-0.012,0.012,0.048,178.007,3.686
24.1451,29.94,TRACKING,-89.198,-89.473,0.187,2.45,-2.11,-0.572,-0.24854,-0.0059,-0.210,11.000,13.92,0.076,-0.049,-0.060,177.972,3.684
24.1653,18.57,TRACKING,-89.058,-89.297,0.415,5.05,6.33,-0.571,-0.24805,0.0176,-0.190,10.625,11.36,0.106,-0.034,-0.181,177.927,3.683
24.1926,29.22,TRACKING,-89.041,-89.121,0.256,7.64,9.14,-0.571,-0.24756,0.0254,-0.110,10.575,6.22,0.073,0.009,-0.046,177.858,3.684
24.2157,21.74,TRACKING,-89.190,-88.857,0.068,3.01,8.44,-0.570,-0.24683,0.0234,-0.020,11.325,5.28,0.032,0.002,-0.022,177.860,3.684
24.2383,27.14,TRACKING,-89.283,-88.770,0.426,-10.25,4.92,-0.570,-0.24658,0.0137,-0.090,10.775,8.64,0.118,-0.029,0.239,177.855,3.683
24.2692,40.31,TRACKING,-89.261,-89.297,0.491,-11.39,-14.06,-0.571,-0.24805,-0.0391,-1.120,10.250,22.92,0.296,-0.048,-0.058,177.767,3.682
24.3063,27.01,TRACKING,-89.074,-89.824,0.223,0.00,-6.33,-0.573,-0.24951,-0.0176,0.060,11.250,-14.38,0.330,0.026,-0.123,177.639,3.683
24.3345,25.95,TRACKING,-89.148,-89.736,0.676,17.44,0.70,-0.573,-0.24927,0.0020,0.990,10.925,-10.24,0.328,0.046,-0.001,177.493,3.685
24.3776,61.29,TRACKING,-89.343,-89.033,0.393,8.03,13.36,-0.571,-0.24731,0.0371,-0.140,10.950,6.78,0.355,0.061,0.008,177.301,3.688
24.4283,42.37,TRACKING,-89.396,-88.506,0.362,-8.10,-11.95,-0.569,-0.24585,-0.0332,-1.120,11.075,23.50,0.434,0.067,-0.312,177.036,3.691
24.4737,37.71,TRACKING,-89.522,-88.857,1.016,10.10,-0.70,-0.570,-0.24683,-0.0020,0.280,9.950,-8.06,0.525,0.100,-0.659,176.753,3.695
24.4996,20.31,TRACKING,-89.376,-88.506,0.519,25.41,14.06,-0.569,-0.24585,0.0391,-0.870,9.900,8.32,0.360,0.070,-0.697,176.580,3.698
24.5197,25.79,TRACKING,-88.918,-87.803,0.412,13.46,14.77,-0.566,-0.24390,0.0410,0.110,11.425,-4.54,0.263,0.061,-0.761,176.498,3.701
24.5401,14.60,TRACKING,-87.879,-87.451,0.077,2.50,17.58,-0.565,-0.24292,0.0488,-0.030,11.125,4.72,0.287,0.063,-0.784,176.409,3.703
24.5668,30.44,TRACKING,-87.086,-87.188,0.365,25.42,33.05,-0.564,-0.24219,0.0918,0.270,10.400,-3.58,0.266,0.104,-0.639,176.300,3.706
24.5870,18.16,TRACKING,-86.262,-86.660,0.926,19.08,20.39,-0.562,-0.24072,0.0566,0.560,10.100,-1.00,0.292,0.099,-0.505,176.213,3.708
24.6072,21.78,TRACKING,-85.523,-86.309,1.137,25.47,17.58,-0.561,-0.23975,0.0488,0.240,9.925,-0.08,0.302,0.099,-0.350,176.131,3.710
24.6274,22.07,TRACKING,-84.985,-85.869,1.324,28.75,27.42,-0.559,-0.23853,0.0762,0.280,10.750,-0.56,0.272,0.106,-0.295,176.022,3.714
24.6474,16.58,TRACKING,-84.652,-85.254,1.217,24.96,27.42,-0.557,-0.23682,0.0762,0.440,11.325,-0.64,0.325,0.147,-0.127,175.929,3.717
24.6680,23.21,TRACKING,-84.647,-84.727,0.607,17.39,30.23,-0.555,-0.23535,0.0840,0.020,11.100,-1.18,0.318,0.151,0.049,175.813,3.720
24.6921,23.95,TRACKING,-84.891,-84.199,0.165,0.00,-3.52,-0.553,-0.23389,-0.0098,-0.330,11.250,19.24,0.332,0.194,0.019,175.680,3.727
24.7149,22.13,TRACKING,-85.015,-84.199,0.816,-17.55,-0.70,-0.553,-0.23389,-0.0020,-0.520,11.425,10.80,0.291,0.193,-0.029,175.600,3.732
24.7354,19.48,TRACKING,-85.070,-84.551,0.870,-15.57,-23.91,-0.554,-0.23486,-0.0664,-1.030,11.225,21.92,0.261,0.185,-0.038,175.521,3.735
24.7574,22.58,TRACKING,-85.081,-84.990,0.530,-8.23,-21.09,-0.556,-0.23608,-0.0586,-1.090,11.350,17.88,0.264,0.193,-0.052,175.436,3.739
24.7848,35.10,TRACKING,-85.114,-85.430,0.123,0.00,-11.25,-0.558,-0.23730,-0.0312,0.040,11.350,-18.86,0.249,0.182,-0.012,175.323,3.745
24.8232,36.90,TRACKING,-85.188,-85.342,0.242,3.56,12.66,-0.557,-0.23706,0.0352,-0.230,11.200,8.16,0.238,0.198,-0.034,175.206,3.753
24.8578,49.38,TRACKING,-85.358,-85.166,0.016,0.00,-0.70,-0.557,-0.23657,-0.0020,-0.520,11.350,13.50,0.224,0.208,0.018,175.126,3.760
24.9056,31.54,TRACKING,-85.490,-85.254,0.324,-5.89,-12.66,-0.557,-0.23682,-0.0352,-1.190,11.325,26.90,0.204,0.192,0.022,174.964,3.771
24.9383,33.15,TRACKING,-85.682,-85.781,0.428,-6.90,-14.06,-0.559,-0.23828,-0.0391,-0.830,11.250,21.78,0.147,0.161,-0.026,174.882,3.779
24.9636,18.03,TRACKING,-85.803,-86.045,0.022,0.00,-11.25,-0.560,-0.23901,-0.0312,-0.020,11.375,23.48,0.164,0.218,-0.065,174.840,3.783
24.9838,36.99,TRACKING,-85.885,-86.045,0.159,0.00,0.70,-0.560,-0.23901,0.0020,-0.640,11.400,14.28,0.153,0.209,-0.000,174.799,3.787
25.0279,31.81,TRACKING,-85.954,-86.045,0.091,0.00,0.00,-0.560,-0.23901,0.0000,-0.530,11.375,17.76,0.033,0.037,-0.005,174.722,3.794
25.0680,50.97,TRACKING,-86.039,-86.309,0.006,-2.53,-9.14,-0.561,-0.23975,-0.0254,-0.910,10.050,27.14,-0.019,0.007,0.215,174.714,3.794
25.1172,42.42,TRACKING,-86.069,-86.484,0.239,0.00,0.00,-0.561,-0.24023,0.0000,-0.580,11.150,20.14,0.046,-0.010,0.110,174.722,3.796
25.1490,29.36,TRACKING,-85.633,-86.396,0.852,3.22,11.25,-0.561,-0.23999,0.0312,-0.310,10.925,10.22,0.140,-0.074,0.144,174.685,3.795
25.1727,25.47,TRACKING,-85.353,-86.221,1.044,18.80,9.84,-0.560,-0.23950,0.0273,-0.320,11.450,8.32,0.230,-0.075,-0.004,174.576,3.795
25.1968,18.27,TRACKING,-85.306,-85.869,0.915,21.16,23.91,-0.559,-0.23853,0.0664,0.000,11.225,-2.46,0.213,-0.064,0.000,174.477,3.795
25.2201,22.24,TRACKING,-85.353,-85.166,0.517,13.55,19.69,-0.557,-0.23657,0.0547,-0.230,10.375,10.52,0.447,-0.117,0.004,174.282,3.792
25.2403,34.54,TRACKING,-85.460,-84.902,0.294,-2.80,-7.73,-0.556,-0.23584,-0.0215,-0.890,9.225,18.94,0.783,-0.188,0.035,174.026,3.789
25.2778,31.66,TRACKING,-85.592,-85.078,0.689,-8.16,-9.84,-0.556,-0.23633,-0.0273,-1.160,9.425,19.78,0.822,-0.201,0.114,173.815,3.787
25.3300,56.50,TRACKING,-85.690,-85.869,0.612,-8.31,-12.66,-0.559,-0.23853,-0.0352,-1.020,9.750,22.36,0.948,-0.240,0.042,173.070,3.778
25.3684,36.71,TRACKING,-86.017,-86.221,0.148,0.00,1.41,-0.560,-0.23950,0.0039,-0.540,9.950,13.18,1.026,-0.263,0.076,172.635,3.774
25.4026,28.57,TRACKING,-86.212,-86.221,0.008,0.00,-0.70,-0.560,-0.23950,-0.0020,-0.530,10.275,17.92,1.145,-0.228,-0.010,172.041,3.770
25.4356,34.76,TRACKING,-86.328,-86.221,0.107,-4.77,-0.70,-0.560,-0.23950,-0.0020,-1.370,10.375,23.80,1.167,-0.265,0.025,171.577,3.767
25.4651,21.93,TRACKING,-86.484,-86.572,0.263,-4.09,-7.03,-0.562,-0.24048,-0.0195,-1.010,10.725,30.86,1.199,-0.282,-0.002,171.101,3.764
25.4867,28.46,TRACKING,-86.619,-86.748,0.047,-2.44,-9.84,-0.562,-0.24097,-0.0273,-0.910,10.825,26.10,1.233,-0.284,0.008,170.719,3.761
25.5171,30.90,TRACKING,-86.726,-86.924,0.022,-2.05,-5.62,-0.563,-0.24146,-0.0156,-1.010,11.225,21.66,1.114,-0.216,0.009,170.256,3.760
25.5388,13.34,TRACKING,-87.028,-87.012,0.104,0.00,-4.22,-0.563,-0.24170,-0.0117,-1.040,11.200,27.56,1.063,-0.164,0.089,169.931,3.759
25.5590,23.02,TRACKING,-87.163,-87.100,0.151,-13.10,-2.11,-0.564,-0.24194,-0.0059,-0.440,11.425,20.42,0.975,-0.120,0.021,169.586,3.762
25.5817,19.96,TRACKING,-87.300,-87.363,0.200,-9.41,-18.98,-0.565,-0.24268,-0.0527,-0.870,11.400,28.18,0.967,-0.136,0.032,169.221,3.764
25.6058,34.21,TRACKING,-87.435,-87.803,0.071,-4.47,-9.14,-0.566,-0.24390,-0.0254,-0.960,11.325,17.98,0.963,-0.123,0.034,168.910,3.765
25.6347,31.31,TRACKING,-87.572,-87.979,0.231,0.00,-7.73,-0.567,-0.24438,-0.0215,-1.060,11.675,22.52,0.861,-0.069,0.003,168.573,3.767
25.6623,14.19,TRACKING,-87.748,-87.979,0.231,0.00,-1.41,-0.567,-0.24438,-0.0039,-0.510,11.600,16.70,0.562,0.012,-0.038,168.261,3.771
25.6825,20.55,TRACKING,-87.866,-87.979,0.113,-4.92,-12.66,-0.567,-0.24438,-0.0352,-0.960,11.475,28.14,0.250,0.010,0.044,168.122,3.772
25.7035,29.35,TRACKING,-88.033,-88.242,0.055,-4.69,-11.95,-0.568,-0.24512,-0.0332,-0.780,11.250,21.38,0.223,0.008,0.059,168.060,3.773
25.7343,23.34,TRACKING,-88.171,-88.506,0.072,-2.91,-8.44,-0.569,-0.24585,-0.0234,-1.050,11.200,24.86,0.168,0.007,0.062,167.982,3.774
25.7545,20.26,TRACKING,-88.360,-88.682,0.146,0.00,-5.62,-0.569,-0.24634,-0.0156,-0.230,11.225,21.82,0.145,0.005,0.054,167.935,3.775
25.7745,22.48,TRACKING,-88.410,-88.682,0.272,0.00,0.00,-0.569,-0.24634,0.0000,-0.590,11.300,15.22,0.116,0.004,0.046,167.913,3.775
25.7957,20.70,TRACKING,-88.440,-88.682,0.242,0.00,0.00,-0.569,-0.24634,0.0000,-0.560,10.300,17.94,0.011,0.001,0.095,167.902,3.775
25.8190,24.45,TRACKING,-88.453,-88.682,0.228,0.00,-1.41,-0.569,-0.24634,-0.0039,-0.570,10.500,23.58,-0.107,0.039,0.052,167.950,3.776
25.8378,20.20,TRACKING,-88.443,-88.594,0.239,2.09,8.44,-0.569,-0.24609,0.0234,0.030,11.225,-13.40,-0.080,0.031,0.054,167.963,3.776
25.8703,36.86,TRACKING,-88.415,-88.506,0.179,2.54,4.92,-0.569,-0.24585,0.0137,-0.090,10.525,6.06,-0.437,0.086,-0.080,168.105,3.776
25.9037,42.92,TRACKING,-88.346,-88.330,0.159,2.32,8.44,-0.568,-0.24536,0.0234,-0.270,10.550,4.00,-0.451,0.079,0.026,168.277,3.776
25.9465,34.58,TRACKING,-88.346,-87.979,0.016,0.00,6.33,-0.567,-0.24438,0.0176,-0.270,10.750,7.36,-0.443,0.099,-0.004,168.567,3.777
25.9837,33.47,TRACKING,-88.220,-88.066,0.242,-5.82,-15.47,-0.567,-0.24463,-0.0430,-0.950,11.125,23.60,-0.527,0.130,-0.017,168.896,3.778
26.0163,36.64,TRACKING,-88.044,-88.418,0.022,0.00,-4.92,-0.568,-0.24561,-0.0137,-0.210,11.100,13.46,-0.556,0.134,-0.049,169.125,3.780
26.0518,25.38,TRACKING,-87.921,-88.418,0.497,9.35,-0.70,-0.568,-0.24561,-0.0020,-0.570,11.000,16.38,-0.632,0.173,-0.043,169.517,3.783
26.0786,25.99,TRACKING,-87.748,-88.066,0.670,10.51,14.06,-0.567,-0.24463,0.0391,-0.160,11.025,7.24,-0.657,0.178,-0.033,169.698,3.785
26.0989,27.19,TRACKING,-87.594,-87.803,0.473,7.55,15.47,-0.566,-0.24390,0.0430,-0.040,11.125,2.18,-0.598,0.166,0.086,169.918,3.786
26.1325,35.17,TRACKING,-87.547,-87.275,0.256,6.30,8.44,-0.564,-0.24243,0.0234,-0.070,11.400,5.90,-0.433,0.144,-0.031,170.199,3.790
26.1585,27.81,TRACKING,-87.396,-87.100,0.121,-3.19,11.95,-0.564,-0.24194,0.0332,-0.180,11.425,4.16,-0.433,0.144,-0.029,170.359,3.792
26.1823,15.90,TRACKING,-87.347,-87.188,0.247,0.00,-8.44,-0.564,-0.24219,-0.0234,-0.950,11.475,24.02,-0.445,0.148,-0.000,170.576,3.794
26.2024,31.26,TRACKING,-87.242,-87.275,0.055,2.06,0.00,-0.564,-0.24243,0.0000,0.060,11.400,-11.82,-0.426,0.149,-0.000,170.665,3.798
26.2487,41.33,TRACKING,-87.179,-86.924,0.096,3.68,9.14,-0.563,-0.24146,0.0254,-0.280,11.150,6.06,-0.160,0.050,0.018,170.809,3.802
26.2741,30.11,TRACKING,-87.028,-86.660,0.104,-2.05,7.73,-0.562,-0.24072,0.0215,-0.250,11.425,5.28,-0.178,0.076,-0.012,170.898,3.805
26.3091,21.67,TRACKING,-86.929,-86.836,0.269,-2.12,-9.14,-0.563,-0.24121,-0.0254,-0.820,11.325,16.34,-0.077,0.033,0.001,170.924,3.807
26.3302,20.46,TRACKING,-86.871,-87.012,0.036,3.83,-8.44,-0.563,-0.24170,-0.0234,-0.850,11.400,15.84,-0.024,0.011,-0.002,170.945,3.807
26.3517,22.00,TRACKING,-86.874,-86.836,0.138,5.87,11.25,-0.563,-0.24121,0.0312,-0.180,11.425,6.58,-0.008,0.004,-0.005,170.941,3.808
26.3791,40.20,TRACKING,-86.877,-86.572,0.041,0.00,7.73,-0.562,-0.24048,0.0215,-1.140,11.425,7.94,0.054,-0.024,-0.007,170.933,3.807
26.4242,48.21,TRACKING,-86.885,-86.660,0.313,-3.95,-14.06,-0.562,-0.24072,-0.0391,-0.740,11.325,24.28,0.154,-0.063,-0.032,170.855,3.808
26.4732,47.49,TRACKING,-86.880,-87.275,0.220,-2.54,-9.14,-0.564,-0.24243,-0.0254,-0.810,10.850,25.06,0.257,-0.077,-0.047,170.723,3.807
26.5070,23.52,TRACKING,-86.874,-87.451,0.401,6.65,-7.03,-0.565,-0.24292,-0.0195,-0.920,11.325,21.32,0.271,-0.031,-0.035,170.555,3.807
26.5328,28.84,TRACKING,-86.921,-87.275,0.530,8.22,11.95,-0.564,-0.24243,0.0332,-0.190,10.925,7.08,0.372,-0.026,0.021,170.413,3.808
26.5636,29.46,TRACKING,-86.979,-86.836,0.297,2.60,9.84,-0.563,-0.24121,0.0273,-0.290,11.075,9.00,0.264,-0.024,0.022,170.270,3.808
26.5898,22.28,TRACKING,-86.998,-86.748,0.162,-5.58,8.44,-0.562,-0.24097,0.0234,-0.280,11.275,5.10,0.304,-0.035,0.020,170.120,3.809
26.6099,25.93,TRACKING,-87.031,-87.012,0.283,-4.90,-9.84,-0.563,-0.24170,-0.0273,-0.930,11.200,15.74,0.231,-0.028,-0.005,170.029,3.809
26.6406,45.30,TRACKING,-87.075,-87.275,0.063,0.00,-1.41,-0.564,-0.24243,-0.0039,-0.350,11.375,14.42,0.280,-0.018,0.004,169.904,3.810
26.6881,33.89,TRACKING,-87.160,-87.275,0.116,2.54,0.00,-0.564,-0.24243,0.0000,-0.120,11.400,17.88,0.360,-0.029,-0.001,169.691,3.811
26.7142,23.48,TRACKING,-87.303,-87.012,0.027,0.00,8.44,-0.563,-0.24170,0.0234,-0.340,11.350,8.34,0.286,-0.034,0.074,169.608,3.811
26.7462,26.30,TRACKING,-87.338,-87.012,0.327,-8.75,-14.77,-0.563,-0.24170,-0.0410,-1.060,11.250,24.16,0.309,-0.033,0.040,169.468,3.811
26.7663,21.91,TRACKING,-87.352,-87.363,0.340,-6.91,-14.06,-0.565,-0.24268,-0.0391,-0.920,11.200,24.70,0.297,-0.031,0.013,169.392,3.812
26.7900,26.54,TRACKING,-87.380,-87.627,0.016,0.00,-2.11,-0.565,-0.24341,-0.0059,-0.320,11.225,17.48,0.327,-0.034,0.034,169.248,3.812
26.8110,16.96,TRACKING,-87.459,-87.627,0.168,3.86,1.41,-0.565,-0.24341,0.0039,0.180,11.275,-13.52,0.336,-0.017,-0.009,169.143,3.812
26.8316,25.36,TRACKING,-87.500,-87.363,0.127,0.00,9.14,-0.565,-0.24268,0.0254,-1.090,11.350,11.16,0.338,-0.012,0.006,169.045,3.813
26.8533,17.40,TRACKING,-87.544,-87.363,0.181,-4.19,-0.70,-0.565,-0.24268,-0.0020,-0.530,11.350,12.84,0.341,-0.010,0.017,168.939,3.814
26.8797,27.31,TRACKING,-87.583,-87.627,0.220,-4.44,-7.03,-0.565,-0.24341,-0.0195,-0.990,11.000,22.30,0.376,-0.015,0.033,168.783,3.815
26.8984,23.10,TRACKING,-87.651,-87.715,0.025,0.00,-8.44,-0.566,-0.24365,-0.0234,-1.070,10.925,25.64,0.382,-0.025,-0.014,168.723,3.816
26.9283,30.94,TRACKING,-87.701,-87.715,0.014,0.00,0.00,-0.566,-0.24365,0.0000,-0.570,11.100,14.20,0.463,-0.034,-0.015,168.535,3.817
26.9575,41.20,TRACKING,-87.770,-87.715,0.055,0.00,0.00,-0.566,-0.24365,0.0000,-0.570,11.150,21.30,0.468,-0.031,0.029,168.348,3.818
26.9946,23.39,TRACKING,-87.830,-87.715,0.115,-2.27,0.00,-0.566,-0.24365,0.0000,-0.560,11.175,22.00,0.477,-0.032,0.034,168.068,3.820
27.0233,31.35,TRACKING,-87.929,-87.979,0.214,-3.89,-11.25,-0.567,-0.24438,-0.0312,-0.850,11.075,26.34,0.658,-0.034,0.026,167.792,3.822
27.0652,33.32,TRACKING,-88.039,-88.154,0.060,0.00,-0.70,-0.567,-0.24487,-0.0020,-0.510,10.850,20.82,0.672,-0.026,0.039,167.410,3.826
27.0942,39.16,TRACKING,-88.220,-88.154,0.066,0.00,0.00,-0.567,-0.24487,0.0000,-0.560,10.975,21.42,0.706,-0.028,0.020,167.088,3.829
27.1317,38.42,TRACKING,-88.338,-88.330,0.184,-4.12,-10.55,-0.568,-0.24536,-0.0293,-0.820,11.075,29.32,0.709,-0.032,0.055,166.684,3.833
27.1592,19.33,TRACKING,-88.528,-88.506,0.198,-2.19,-9.14,-0.569,-0.24585,-0.0254,-0.840,11.125,28.16,0.749,-0.035,0.022,166.469,3.835
27.1794,32.76,TRACKING,-88.624,-88.682,0.118,-5.60,-7.03,-0.569,-0.24634,-0.0195,-1.020,11.200,33.36,0.677,-0.034,0.058,166.226,3.838
27.2092,17.44,TRACKING,-88.756,-88.945,0.074,-2.17,-12.66,-0.570,-0.24707,-0.0352,-0.880,11.300,25.92,0.498,-0.024,0.052,165.988,3.841
27.2293,17.23,TRACKING,-88.893,-89.121,0.052,0.00,-5.62,-0.571,-0.24756,-0.0156,-0.900,11.425,23.56,0.514,-0.027,-0.007,165.862,3.843
27.2495,19.38,TRACKING,-89.039,-89.121,0.083,0.00,0.00,-0.571,-0.24756,0.0000,-0.570,11.525,14.48,0.486,-0.026,0.037,165.695,3.845
27.2696,22.54,TRACKING,-89.179,-89.121,0.058,-4.67,0.00,-0.571,-0.24756,0.0000,-0.560,11.500,16.72,0.477,-0.024,0.030,165.496,3.847
27.2897,26.90,TRACKING,-89.297,-89.385,0.176,-6.76,-11.25,-0.572,-0.24829,-0.0312,-0.840,11.500,28.38,0.482,-0.025,0.038,165.389,3.849
27.3237,24.47,TRACKING,-89.396,-89.736,0.011,-2.48,-5.62,-0.573,-0.24927,-0.0156,-1.000,11.425,20.90,0.393,-0.022,0.004,165.175,3.851
27.3439,23.97,TRACKING,-89.505,-89.824,0.231,0.00,-4.92,-0.573,-0.24951,-0.0137,-0.990,11.400,23.96,0.403,-0.023,-0.000,165.050,3.853
27.3639,16.05,TRACKING,-89.555,-89.824,0.269,0.00,0.00,-0.573,-0.24951,0.0000,-0.570,11.175,14.06,0.404,-0.041,0.042,164.925,3.854
27.3839,20.48,TRACKING,-89.607,-89.824,0.217,0.00,0.00,-0.573,-0.24951,0.0000,-0.570,11.375,18.78,0.451,-0.061,0.064,164.809,3.855
27.4039,22.30,TRACKING,-89.659,-89.824,0.165,0.00,0.00,-0.573,-0.24951,0.0000,-0.560,11.150,19.96,0.510,-0.084,0.091,164.680,3.856
27.4278,32.69,TRACKING,-89.676,-89.824,0.148,0.00,0.00,-0.573,-0.24951,0.0000,-0.560,10.725,20.80,0.558,-0.135,0.120,164.517,3.856
27.4619,29.22,TRACKING,-89.684,-89.824,0.140,0.00,0.00,-0.573,-0.24951,0.0000,-0.560,10.525,22.28,0.558,-0.170,0.053,164.169,3.856
27.4955,34.11,TRACKING,-89.681,-89.824,0.143,2.12,7.73,-0.573,-0.24951,0.0215,0.080,10.550,-13.14,0.614,-0.201,0.053,163.874,3.855
27.5157,19.44,TRACKING,-89.802,-89.648,0.022,3.56,4.22,-0.573,-0.24902,0.0117,-0.210,10.725,13.40,0.656,-0.199,0.012,163.681,3.854
27.5441,29.20,TRACKING,-89.901,-89.561,0.253,-4.79,-11.95,-0.572,-0.24878,-0.0332,-1.580,11.000,25.54,0.724,-0.231,0.079,163.357,3.854
27.5716,29.05,TRACKING,-90.058,-89.912,0.497,-6.42,-9.84,-0.574,-0.24976,-0.0273,-1.050,10.825,27.92,0.763,-0.243,0.044,163.020,3.853
27.6037,28.33,TRACKING,-90.170,-90.264,0.258,-4.36,-11.95,-0.575,-0.25073,-0.0332,-0.960,10.450,28.22,0.862,-0.289,0.022,162.606,3.853
27.6371,31.65,TRACKING,-90.258,-90.439,0.006,0.00,0.00,-0.576,-0.25122,0.0000,-0.590,10.600,19.62,0.909,-0.299,0.009,162.156,3.853
27.6615,47.80,TRACKING,-90.434,-90.439,0.006,0.00,0.00,-0.576,-0.25122,0.0000,-0.560,10.650,16.46,1.178,-0.380,0.072,161.745,3.853
27.7351,59.34,TRACKING,-90.541,-90.527,0.101,-2.48,-7.03,-0.576,-0.25146,-0.0195,-0.940,9.525,32.78,1.418,-0.471,-0.012,160.338,3.855
27.7685,32.20,TRACKING,-90.964,-90.879,0.437,-2.24,-6.33,-0.577,-0.25244,-0.0176,-0.910,8.975,25.80,1.643,-0.538,0.132,159.512,3.857
27.7993,20.65,TRACKING,-91.167,-90.967,0.288,-6.85,-7.03,-0.577,-0.25269,-0.0195,-0.850,8.025,30.34,1.707,-0.564,0.007,158.984,3.860
27.8328,36.77,TRACKING,-91.321,-91.318,0.354,-10.85,-13.36,-0.579,-0.25366,-0.0371,-1.220,7.900,39.12,1.852,-0.610,0.045,157.907,3.866
27.8529,17.94,TRACKING,-91.642,-91.582,0.324,-3.26,-16.17,-0.580,-0.25439,-0.0449,-1.040,8.475,27.38,1.843,-0.617,0.072,157.339,3.869
27.8729,22.70,TRACKING,-91.846,-91.758,0.264,-10.69,-6.33,-0.580,-0.25488,-0.0176,-0.990,8.675,24.12,1.921,-0.636,0.007,156.750,3.874
27.8929,18.68,TRACKING,-92.076,-92.021,0.318,-9.52,-12.66,-0.581,-0.25562,-0.0352,-1.280,9.350,34.12,1.963,-0.655,0.049,156.137,3.880
27.9136,21.30,TRACKING,-92.277,-92.197,0.255,-8.91,-14.77,-0.582,-0.25610,-0.0410,-1.070,9.650,27.16,1.973,-0.663,0.058,155.536,3.885
27.9347,28.20,TRACKING,-92.483,-92.549,0.285,-9.45,-9.84,-0.583,-0.25708,-0.0273,-1.230,9.325,29.84,2.042,-0.696,0.045,154.687,3.894
27.9611,16.77,TRACKING,-92.664,-92.812,0.115,-5.42,-12.66,-0.584,-0.25781,-0.0352,-1.080,9.675,29.22,2.056,-0.720,0.046,154.002,3.901
27.9924,34.47,TRACKING,-92.925,-93.076,0.112,-4.94,-11.95,-0.585,-0.25854,-0.0332,-0.890,9.975,26.30,2.054,-0.742,0.011,153.047,3.912
28.0183,26.01,TRACKING,-93.205,-93.252,0.129,-4.47,-8.44,-0.586,-0.25903,-0.0234,-1.080,10.225,26.94,2.071,-0.781,-0.010,152.333,3.920
28.0457,25.04,TRACKING,-93.477,-93.428,0.225,-6.99,-9.84,-0.586,-0.25952,-0.0273,-1.070,10.125,24.02,2.195,-0.851,0.090,151.449,3.931
28.0688,23.89,TRACKING,-93.653,-93.691,0.225,-9.04,-11.25,-0.587,-0.26025,-0.0312,-1.080,9.050,23.42,2.256,-0.900,0.045,150.585,3.943
28.0945,28.29,TRACKING,-93.919,-93.955,0.228,-6.79,-7.73,-0.588,-0.26099,-0.0215,-1.190,9.300,38.82,2.285,-0.926,0.040,149.709,3.955
28.1187,20.63,TRACKING,-94.090,-94.131,0.134,-6.28,-9.14,-0.589,-0.26147,-0.0254,-1.120,9.725,31.22,2.286,-0.927,0.049,149.015,3.966
28.1397,20.96,TRACKING,-94.279,-94.307,0.148,-5.84,-9.14,-0.590,-0.26196,-0.0254,-1.060,10.075,30.14,2.235,-0.882,0.037,148.039,3.982
28.1640,22.95,TRACKING,-94.540,-94.482,0.233,-6.38,-11.95,-0.590,-0.26245,-0.0332,-1.000,10.850,27.56,2.187,-0.819,-0.018,147.374,3.995
28.1875,28.03,TRACKING,-94.727,-94.658,0.244,-8.75,-9.14,-0.591,-0.26294,-0.0254,-1.230,11.200,36.56,2.081,-0.723,-0.025,146.749,4.010
28.2129,27.36,TRACKING,-94.916,-95.010,0.258,-6.97,-9.84,-0.592,-0.26392,-0.0273,-1.070,11.475,23.70,2.053,-0.678,-0.009,145.890,4.032
28.2520,39.21,TRACKING,-95.188,-95.361,0.178,-4.30,-9.14,-0.593,-0.26489,-0.0254,-0.920,11.950,25.82,1.864,-0.614,0.003,144.779,4.065
28.2915,40.94,TRACKING,-95.499,-95.713,0.137,-3.87,-11.25,-0.595,-0.26587,-0.0312,-0.910,11.350,17.50,1.966,-0.578,-0.003,143.743,4.100
28.3177,28.36,TRACKING,-95.713,-95.889,0.000,-3.64,-2.81,-0.595,-0.26636,-0.0078,-1.230,11.550,28.36,1.996,-0.541,-0.023,143.253,4.116
28.3434,15.04,TRACKING,-95.795,-95.977,0.094,-4.27,-6.33,-0.596,-0.26660,-0.0176,-1.030,11.275,27.64,2.027,-0.528,-0.003,142.496,4.146
28.3638,24.19,TRACKING,-95.856,-96.152,0.121,-3.09,-9.14,-0.596,-0.26709,-0.0254,-0.890,11.450,18.98,1.841,-0.482,0.042,142.001,4.167
28.3859,18.29,TRACKING,-95.916,-96.328,0.236,0.00,-6.33,-0.597,-0.26758,-0.0176,-1.030,11.500,24.74,1.649,-0.466,-0.046,141.603,4.182
28.4098,25.34,TRACKING,-95.974,-96.240,0.354,2.31,7.73,-0.596,-0.26733,0.0215,-0.420,11.600,15.20,0.948,-0.325,0.037,141.252,4.194
28.4269,21.52,TRACKING,-96.059,-96.152,0.181,0.00,6.33,-0.596,-0.26709,0.0176,-0.310,11.450,9.36,0.840,-0.236,-0.340,141.065,4.202
28.4471,14.91,TRACKING,-96.067,-96.064,0.085,-3.09,-0.70,-0.596,-0.26685,-0.0020,-0.550,11.300,12.84,0.870,-0.183,-0.147,140.853,4.213
28.4748,50.81,TRACKING,-96.084,-96.152,0.019,0.00,-2.11,-0.596,-0.26709,-0.0059,-0.430,11.650,14.74,0.854,0.045,0.033,140.549,4.237
28.5296,40.62,TRACKING,-96.254,-96.416,0.101,-3.34,-7.73,-0.597,-0.26782,-0.0215,-0.880,11.675,25.18,0.869,0.056,0.104,140.204,4.268
28.5581,21.50,TRACKING,-96.962,-96.592,0.546,-3.88,-7.73,-0.598,-0.26831,-0.0215,-0.900,11.675,27.58,0.808,0.052,0.056,140.061,4.281
28.5791,31.78,TRACKING,-97.124,-96.768,0.533,-24.39,-9.14,-0.598,-0.26880,-0.0254,-0.960,11.075,26.68,0.591,0.072,-0.142,139.893,4.298
28.6171,30.48,TRACKING,-97.240,-97.559,0.472,-14.07,-27.42,-0.601,-0.27100,-0.0762,-1.330,11.475,24.64,0.522,0.086,0.020,139.770,4.312
28.6386,30.26,TRACKING,-97.583,-97.910,0.025,0.00,-17.58,-0.602,-0.27197,-0.0488,-1.100,11.475,22.12,0.460,0.072,0.095,139.696,4.321
28.6823,45.52,TRACKING,-97.707,-98.262,0.203,-5.12,-11.95,-0.604,-0.27295,-0.0332,-1.060,10.350,26.14,0.232,-0.041,0.117,139.126,4.343
28.7203,28.31,TRACKING,-97.770,-98.613,0.492,0.00,-7.03,-0.605,-0.27393,-0.0195,-1.130,10.975,28.22,0.110,-0.038,0.055,139.051,4.346
28.7416,15.19,TRACKING,-97.605,-98.613,1.008,8.91,0.00,-0.605,-0.27393,0.0000,-0.610,11.375,18.58,0.097,-0.044,0.028,139.025,4.347
28.7618,22.76,TRACKING,-97.583,-98.350,1.030,18.70,14.77,-0.604,-0.27319,0.0410,-0.220,11.375,6.20,0.103,-0.050,0.019,138.996,4.348
28.7853,23.04,TRACKING,-97.613,-97.910,0.736,12.24,23.20,-0.602,-0.27197,0.0645,-0.010,11.375,5.64,0.090,-0.044,0.026,138.971,4.348
28.8060,19.40,TRACKING,-97.674,-97.559,0.236,3.25,17.58,-0.601,-0.27100,0.0488,-0.150,10.750,8.04,0.105,-0.044,-0.030,138.957,4.349
28.8262,22.30,TRACKING,-97.726,-97.383,0.167,-4.06,5.62,-0.601,-0.27051,0.0156,-0.170,10.875,9.84,0.119,-0.025,-0.057,138.926,4.350
28.8482,20.07,TRACKING,-97.742,-97.471,0.360,-6.20,-11.25,-0.601,-0.27075,-0.0312,-0.890,11.400,15.28,0.030,-0.004,0.003,138.911,4.351
28.8683,20.13,TRACKING,-97.767,-97.734,0.296,-4.08,-9.84,-0.602,-0.27148,-0.0273,-1.040,11.350,19.82,0.012,-0.002,-0.001,138.909,4.351
28.8898,25.25,TRACKING,-97.767,-97.998,0.033,0.00,-6.33,-0.603,-0.27222,-0.0176,-0.300,11.375,21.50,0.004,-0.001,-0.033,138.907,4.351
28.9127,18.55,TRACKING,-97.704,-97.998,0.294,3.19,0.00,-0.603,-0.27222,0.0000,-0.610,11.350,15.60,-0.014,0.002,-0.022,138.357,4.371
28.9328,24.10,TRACKING,-97.704,-97.822,0.294,5.30,9.14,-0.602,-0.27173,0.0254,-0.300,11.375,7.74,-0.015,0.002,-0.011,138.365,4.370
28.9655,29.10,TRACKING,-97.690,-97.559,0.132,0.00,-1.41,-0.601,-0.27100,-0.0039,-0.530,11.375,19.00,-0.006,0.001,-0.009,138.361,4.371
28.9922,26.82,TRACKING,-97.677,-97.646,0.118,-2.53,-14.06,-0.602,-0.27124,-0.0391,-0.860,11.425,23.62,0.000,0.000,0.000,138.364,4.371
29.0147,23.60,TRACKING,-97.685,-97.822,0.038,0.00,-5.62,-0.602,-0.27173,-0.0156,-0.090,11.425,13.90,0.000,0.000,0.000,138.364,4.371
29.0375,23.78,TRACKING,-97.693,-97.822,0.129,2.28,-0.70,-0.602,-0.27173,-0.0020,0.120,11.425,-15.78,0.000,0.000,0.000,138.364,4.371
29.0594,19.37,TRACKING,-97.693,-97.646,0.129,0.00,6.33,-0.602,-0.27124,0.0176,-0.260,11.425,10.90,0.000,0.000,0.000,138.361,4.371
29.0806,23.86,TRACKING,-97.693,-97.646,0.047,0.00,-2.81,-0.602,-0.27124,-0.0078,-0.490,11.450,17.16,0.000,0.000,0.000,138.363,4.371
29.1041,24.00,TRACKING,-97.712,-97.734,0.066,0.00,-2.81,-0.602,-0.27148,-0.0078,-0.460,11.450,18.44,0.000,0.000,0.000,138.363,4.371
29.1383,35.15,TRACKING,-97.712,-97.734,0.022,0.00,-2.11,-0.602,-0.27148,-0.0059,-0.510,11.425,19.42,0.002,-0.000,0.003,137.889,4.390
29.1734,40.42,TRACKING,-97.718,-97.822,0.017,0.00,-2.11,-0.602,-0.27173,-0.0059,-0.530,11.425,21.06,0.000,-0.000,0.000,137.886,4.390
29.2017,25.17,TRACKING,-97.715,-97.822,0.107,0.00,-0.70,-0.602,-0.27173,-0.0020,-0.570,11.425,22.26,0.000,-0.000,0.001,137.886,4.390
29.2320,25.90,TRACKING,-97.715,-97.822,0.107,0.00,-1.41,-0.602,-0.27173,-0.0039,-0.590,11.425,23.72,0.000,0.000,0.000,137.888,4.390
29.2557,22.02,TRACKING,-97.712,-97.822,0.110,0.00,0.00,-0.602,-0.27173,0.0000,-0.600,11.425,23.98,-0.002,0.000,-0.004,137.888,4.390
29.2850,32.17,TRACKING,-97.704,-97.822,0.118,0.00,0.00,-0.602,-0.27173,0.0000,-0.590,11.425,23.46,0.000,0.000,0.000,137.888,4.390
29.3065,25.58,TRACKING,-97.699,-97.822,0.124,0.00,0.00,-0.602,-0.27173,0.0000,-0.600,11.425,23.78,0.000,0.000,0.000,137.888,4.390
29.3404,29.49,TRACKING,-97.701,-97.822,0.121,0.00,-1.41,-0.602,-0.27173,-0.0039,-0.590,11.425,23.78,0.000,0.000,0.000,137.455,4.407
29.3689,28.64,TRACKING,-97.696,-97.822,0.126,0.00,-0.70,-0.602,-0.27173,-0.0020,-0.570,11.425,23.62,0.000,-0.000,0.001,137.452,4.407
29.3944,23.13,TRACKING,-97.704,-97.822,0.118,0.00,-0.70,-0.602,-0.27173,-0.0020,-0.570,11.425,23.64,0.000,0.000,0.000,137.452,4.407
29.4147,19.98,TRACKING,-97.701,-97.822,0.121,0.00,0.00,-0.602,-0.27173,0.0000,-0.600,11.425,23.76,0.000,0.000,0.000,137.452,4.407
29.4347,20.18,TRACKING,-97.699,-97.910,0.124,0.00,-2.11,-0.602,-0.27197,-0.0059,-0.570,11.425,22.60,0.000,-0.000,0.000,137.452,4.407
29.4545,19.87,TRACKING,-97.701,-97.910,0.209,3.27,-0.70,-0.602,-0.27197,-0.0020,-0.550,11.425,22.14,0.000,0.000,0.000,137.452,4.407
29.4746,20.78,TRACKING,-97.707,-97.822,0.203,2.67,10.55,-0.602,-0.27173,0.0293,-0.350,11.425,8.14,0.000,0.000,0.000,137.455,4.407
29.4946,26.42,TRACKING,-97.704,-97.734,0.118,0.00,4.22,-0.602,-0.27148,0.0117,-0.760,11.425,7.66,0.000,0.000,0.000,137.452,4.407
29.5309,35.12,TRACKING,-97.704,-97.822,0.030,0.00,-2.81,-0.602,-0.27173,-0.0078,-0.560,11.450,20.80,0.000,0.000,0.000,137.064,4.424
29.5640,31.22,TRACKING,-97.707,-97.822,0.116,0.00,0.00,-0.602,-0.27173,0.0000,-0.590,11.425,22.88,0.000,0.000,0.000,137.062,4.424
29.5998,43.02,TRACKING,-97.699,-97.822,0.124,0.00,-1.41,-0.602,-0.27173,-0.0039,-0.590,11.450,24.20,0.000,0.000,0.000,137.064,4.424
29.6445,45.89,TRACKING,-97.701,-97.910,0.121,0.00,0.00,-0.602,-0.27197,0.0000,-0.580,11.450,22.06,0.000,0.000,0.000,137.064,4.424
29.6759,30.57,TRACKING,-97.699,-97.910,0.212,2.91,0.00,-0.602,-0.27197,0.0000,-0.580,11.425,22.60,0.000,0.000,0.000,137.062,4.424
29.7101,38.90,TRACKING,-97.699,-97.734,0.212,2.80,4.92,-0.602,-0.27148,0.0137,-0.110,11.425,8.24,0.000,0.000,0.000,137.062,4.424
29.7467,19.92,TRACKING,-97.699,-97.559,0.036,0.00,7.03,-0.601,-0.27100,0.0195,-0.160,11.450,10.14,0.001,-0.000,0.002,136.709,4.440
29.7669,20.83,TRACKING,-97.704,-97.646,0.145,-2.69,-4.92,-0.602,-0.27124,-0.0137,-0.480,11.450,16.60,0.000,0.000,0.000,136.709,4.440
29.7869,19.68,TRACKING,-97.707,-97.822,0.060,0.00,-11.95,-0.602,-0.27173,-0.0332,-0.810,11.450,22.88,0.000,0.000,0.000,136.707,4.441
29.8068,20.66,TRACKING,-97.701,-97.910,0.121,2.30,-1.41,-0.602,-0.27197,-0.0039,-0.480,11.450,18.56,0.000,0.000,0.000,136.707,4.441
29.8271,22.24,TRACKING,-97.701,-97.822,0.209,3.24,2.81,-0.602,-0.27173,0.0078,-0.060,11.450,10.16,-0.000,0.000,-0.001,136.711,4.440
29.8474,21.69,TRACKING,-97.704,-97.646,0.118,0.00,5.62,-0.602,-0.27124,0.0156,-0.910,11.450,11.48,0.000,0.000,0.000,136.707,4.441
29.8756,33.19,TRACKING,-97.701,-97.734,0.055,0.00,-2.11,-0.602,-0.27148,-0.0059,-0.510,11.450,18.10,0.000,-0.000,0.001,136.709,4.440
29.9124,33.11,TRACKING,-97.704,-97.734,0.030,0.00,-2.11,-0.602,-0.27148,-0.0059,-0.530,11.475,18.46,0.000,0.000,0.000,136.709,4.440
29.9339,17.83,TRACKING,-97.704,-97.822,0.030,0.00,-2.11,-0.602,-0.27173,-0.0059,-0.490,11.450,19.52,0.000,0.000,0.000,136.707,4.441
29.9706,42.07,TRACKING,-97.701,-97.734,0.121,2.02,2.11,-0.602,-0.27148,0.0059,-0.020,11.450,11.16,0.000,0.000,0.000,136.709,4.440
